X,Y,TotalIterations,Stations,Drones,Iteration,BestDistance,Genetic,TimeTaken,Filename
602,108,3746,5,1,1,2576.062893714682,2576.062910597327,210,stations5_drones1_iteration1.plan
902,227,3708,5,1,2,2223.6064760040285,2223.60667235607,165,stations5_drones1_iteration2.plan
785,398,3758,5,1,3,1894.8997763641732,1894.8997831480524,206,stations5_drones1_iteration3.plan
825,485,3816,5,1,4,2842.0536369212014,2842.0536369212014,178,stations5_drones1_iteration4.plan
453,205,3784,5,1,5,1063.754446297751,1063.754448209176,193,stations5_drones1_iteration5.plan
859,345,3764,5,1,6,2572.785297754173,2572.7852977541734,166,stations5_drones1_iteration6.plan
846,395,3756,5,1,7,1205.071390417027,1205.071457241564,178,stations5_drones1_iteration7.plan
1049,285,3760,5,1,8,2227.560509925682,2227.560631541751,128,stations5_drones1_iteration8.plan
1249,396,3696,5,1,9,1979.153906601299,1979.153970629121,170,stations5_drones1_iteration9.plan
776,112,3798,5,1,10,2326.619665432236,2326.619666094039,161,stations5_drones1_iteration10.plan
794,344,3716,5,2,1,2305.658777161387,2305.7106759785293,116,stations5_drones2_iteration1.plan
329,459,3740,5,2,2,2987.932127369947,2987.9370656248666,108,stations5_drones2_iteration2.plan
829,475,3702,5,2,3,1537.8851992101036,1537.8860445284374,100,stations5_drones2_iteration3.plan
624,525,3868,5,2,4,2272.3394182370494,2275.838205571547,220,stations5_drones2_iteration4.plan
592,176,3696,5,2,5,2030.7479925521868,2030.7528975823416,121,stations5_drones2_iteration5.plan
665,324,3708,5,2,6,2163.7358023589613,2163.7413553334263,111,stations5_drones2_iteration6.plan
772,320,3736,5,2,7,2228.808715679442,2228.966325544477,101,stations5_drones2_iteration7.plan
352,253,3806,5,2,8,2885.513493359117,2886.0502789602606,112,stations5_drones2_iteration8.plan
784,260,3754,5,2,9,1898.4183279035838,1898.4235078112577,116,stations5_drones2_iteration9.plan
997,551,3738,5,2,10,1928.5215756525372,1928.5603603169784,114,stations5_drones2_iteration10.plan
1099,244,3716,5,3,1,2364.348686426475,2373.539401522974,115,stations5_drones3_iteration1.plan
911,269,3820,5,3,2,3309.134797476616,3313.353855961787,114,stations5_drones3_iteration2.plan
677,504,3704,5,3,3,2935.776335490636,2943.9969150134048,100,stations5_drones3_iteration3.plan
978,472,3770,5,3,4,3224.41536216012,3236.6146849361353,132,stations5_drones3_iteration4.plan
779,235,3766,5,3,5,1743.9138338900843,1743.9155483190298,145,stations5_drones3_iteration5.plan
1002,221,3762,5,3,6,2564.2754720884677,2565.9303137436045,110,stations5_drones3_iteration6.plan
972,114,3720,5,3,7,2194.53962087916,2198.603014878371,110,stations5_drones3_iteration7.plan
832,421,3812,5,3,8,3154.656119004884,3156.1907058476877,123,stations5_drones3_iteration8.plan
1262,209,3696,5,3,9,2899.6217168809226,2899.6244517594714,127,stations5_drones3_iteration9.plan
1015,431,3760,5,3,10,3066.16672313884,3077.885615506645,133,stations5_drones3_iteration10.plan
849,175,3774,5,4,1,2238.7305001489603,2240.5537483924486,126,stations5_drones4_iteration1.plan
1102,174,3718,5,4,2,2353.1148128372015,2356.347221148261,187,stations5_drones4_iteration2.plan
1293,294,3742,5,4,3,2966.2833577896727,2968.590463703917,215,stations5_drones4_iteration3.plan
578,148,3694,5,4,4,2364.873611625673,2364.8763018380955,190,stations5_drones4_iteration4.plan
804,340,3688,5,4,5,2432.477125233486,2432.569635551385,178,stations5_drones4_iteration5.plan
737,162,3730,5,4,6,2300.2884846415977,2303.803600333358,198,stations5_drones4_iteration6.plan
944,382,3740,5,4,7,3053.7742006074996,3055.8163612392455,186,stations5_drones4_iteration7.plan
870,76,3740,5,4,8,2144.4860732414004,2144.4860732414004,200,stations5_drones4_iteration8.plan
448,472,3718,5,4,9,2375.024575799674,2378.463484084668,277,stations5_drones4_iteration9.plan
927,375,3808,5,4,10,2218.676620576502,2222.47715987944,202,stations5_drones4_iteration10.plan
1173,360,3734,5,5,1,4852.6879055656,4855.789114293235,191,stations5_drones5_iteration1.plan
455,298,3758,5,5,2,2940.9473367281366,2941.217804769619,222,stations5_drones5_iteration2.plan
1292,171,3704,5,5,3,2043.5941816104282,2043.9287555197727,164,stations5_drones5_iteration3.plan
982,185,3694,5,5,4,3474.4141814146715,3476.9227221493106,182,stations5_drones5_iteration4.plan
541,201,3782,5,5,5,3298.115955839911,3298.130345791419,204,stations5_drones5_iteration5.plan
663,313,3790,5,5,6,4293.65987461631,4295.343243017241,184,stations5_drones5_iteration6.plan
592,287,3844,5,5,7,2533.7063287894866,2533.7063287894866,212,stations5_drones5_iteration7.plan
535,338,3784,5,5,8,3852.1388360260103,3852.1388360260103,190,stations5_drones5_iteration8.plan
549,436,3766,5,5,9,3172.8405185447878,3174.4812123281017,218,stations5_drones5_iteration9.plan
537,342,3828,5,5,10,3133.111085880434,3133.174994562476,181,stations5_drones5_iteration10.plan
707,343,3672,5,6,1,2380.6740753179465,2380.7632139997777,289,stations5_drones6_iteration1.plan
1219,343,3710,5,6,2,4035.922942629991,4038.5142409456585,356,stations5_drones6_iteration2.plan
574,219,3812,5,6,3,3736.540879431133,3736.5518833797796,303,stations5_drones6_iteration3.plan
551,231,3770,5,6,4,4140.601501978332,4142.7480214619645,322,stations5_drones6_iteration4.plan
1087,229,3772,5,6,5,1737.18286963026,1737.189393259911,373,stations5_drones6_iteration5.plan
603,260,3720,5,6,6,3848.719090582945,3848.994424296084,331,stations5_drones6_iteration6.plan
702,400,3740,5,6,7,4369.385730314943,4369.558127923239,255,stations5_drones6_iteration7.plan
620,371,3788,5,6,8,4341.989448541024,4344.031128913723,361,stations5_drones6_iteration8.plan
317,354,3762,5,6,9,2339.7965549616843,2346.2850050018765,381,stations5_drones6_iteration9.plan
486,439,3682,5,6,10,1654.8840946864864,1654.8840946864864,310,stations5_drones6_iteration10.plan
1008,367,3762,5,7,1,3086.491649238462,3086.499947641985,433,stations5_drones7_iteration1.plan
627,191,3808,5,7,2,3666.579830715663,3666.6410903109627,477,stations5_drones7_iteration2.plan
1111,311,3788,5,7,3,3040.786328107993,3044.771964010627,481,stations5_drones7_iteration3.plan
382,341,3788,5,7,4,957.3961179443871,957.3961179443871,514,stations5_drones7_iteration4.plan
131,38,3726,5,7,5,3975.994941042921,3976.2934055070377,406,stations5_drones7_iteration5.plan
971,189,3804,5,7,6,3986.408965541137,3988.206025545332,453,stations5_drones7_iteration6.plan
1296,208,3724,5,7,7,1767.0757713946819,1767.0757713946819,313,stations5_drones7_iteration7.plan
548,441,3868,5,7,8,2499.8110839137194,2499.8110839137194,462,stations5_drones7_iteration8.plan
995,395,3806,5,7,9,2835.4091061617873,2835.47187401238,544,stations5_drones7_iteration9.plan
597,161,3788,5,7,10,2363.804061098191,2363.8266177714845,523,stations5_drones7_iteration10.plan
1052,379,3830,5,8,1,3563.374222391063,3563.3815153250794,712,stations5_drones8_iteration1.plan
190,472,3688,5,8,2,4914.2798967731105,4914.354223031302,536,stations5_drones8_iteration2.plan
835,381,3720,5,8,3,4158.58754660265,4159.991386242632,681,stations5_drones8_iteration3.plan
671,364,3788,5,8,4,3305.6959632741455,3305.773928810663,649,stations5_drones8_iteration4.plan
640,484,3866,5,8,5,1594.373341358618,1594.373341358618,733,stations5_drones8_iteration5.plan
314,421,3752,5,8,6,3592.8393893916536,3592.842327890389,664,stations5_drones8_iteration6.plan
616,328,3830,5,8,7,3342.097406723524,3344.851471688429,671,stations5_drones8_iteration7.plan
685,311,3746,5,8,8,2601.0364768085556,2602.9353322386364,559,stations5_drones8_iteration8.plan
840,255,3732,5,8,9,2815.9537435939524,2815.9537435939524,592,stations5_drones8_iteration9.plan
868,308,3746,5,8,10,3302.84010223724,3302.97050744678,612,stations5_drones8_iteration10.plan
1089,257,3686,5,9,1,1855.3511733631497,1855.3593222354855,664,stations5_drones9_iteration1.plan
1016,307,3784,5,9,2,3539.460360104448,3539.5024635794107,1052,stations5_drones9_iteration2.plan
389,349,3812,5,9,3,3120.4260315937763,3120.519313021351,816,stations5_drones9_iteration3.plan
752,186,3734,5,9,4,3648.46030088465,3648.4653313234708,976,stations5_drones9_iteration4.plan
500,401,3820,5,9,5,3292.1693035837916,3292.1693035837916,978,stations5_drones9_iteration5.plan
612,410,3830,5,9,6,4071.522393869584,4072.152382125084,975,stations5_drones9_iteration6.plan
655,170,3696,5,9,7,3909.4742389747166,3909.507100098655,891,stations5_drones9_iteration7.plan
1056,291,3740,5,9,8,2964.168641313863,2964.330752780268,1126,stations5_drones9_iteration8.plan
962,289,3774,5,9,9,2831.6650247275734,2831.666551114353,866,stations5_drones9_iteration9.plan
641,335,3738,5,9,10,1355.5526715714063,1361.6968838404403,861,stations5_drones9_iteration10.plan
468,361,3712,5,10,1,3504.996584795957,3504.996584795957,1531,stations5_drones10_iteration1.plan
1206,381,3732,5,10,2,3838.0927493489644,3838.153022138753,1115,stations5_drones10_iteration2.plan
1014,289,3798,5,10,3,3869.9091350423005,3869.9225857081724,1271,stations5_drones10_iteration3.plan
933,347,3788,5,10,4,3600.4751237742666,3600.6848250792705,1185,stations5_drones10_iteration4.plan
785,237,3756,5,10,5,2357.3492329773007,2357.3744601485764,1091,stations5_drones10_iteration5.plan
737,201,3708,5,10,6,3094.7171210241786,3098.207119336679,1146,stations5_drones10_iteration6.plan
522,151,3658,5,10,7,2896.100594172456,2896.21772201872,1414,stations5_drones10_iteration7.plan
913,389,3768,5,10,8,3610.9326515046287,3610.9978460962507,1045,stations5_drones10_iteration8.plan
538,343,3808,5,10,9,3357.139547952094,3357.139547952094,1448,stations5_drones10_iteration9.plan
625,529,3768,5,10,10,4188.798719533194,4199.0889490603495,1182,stations5_drones10_iteration10.plan
952,476,3796,10,1,1,3601.1974284908547,3601.197429211485,958,stations10_drones1_iteration1.plan
1376,337,3756,10,1,2,2819.9234838638354,2819.9235760454294,886,stations10_drones1_iteration2.plan
946,338,3768,10,1,3,2749.0380911515967,2749.0382126641503,857,stations10_drones1_iteration3.plan
805,241,3770,10,1,4,2420.7472951090754,2420.7477446817334,921,stations10_drones1_iteration4.plan
923,177,3746,10,1,5,2848.2278451532266,2848.227879488,820,stations10_drones1_iteration5.plan
442,414,3736,10,1,6,3116.246327577167,3116.2464683813787,772,stations10_drones1_iteration6.plan
980,62,3770,10,1,7,2837.557944253409,2837.5579442534095,796,stations10_drones1_iteration7.plan
759,134,3768,10,1,8,2593.873956495966,2593.8739657216315,837,stations10_drones1_iteration8.plan
793,126,3732,10,1,9,3084.1311608161195,3084.1311699756307,766,stations10_drones1_iteration9.plan
552,244,3716,10,1,10,2396.862622400705,2396.8626435618694,858,stations10_drones1_iteration10.plan
369,288,3746,10,2,1,2959.6912102950755,2959.82457984696,573,stations10_drones2_iteration1.plan
855,156,3744,10,2,2,3250.3877657723115,3250.4093493825717,520,stations10_drones2_iteration2.plan
1030,392,3730,10,2,3,3236.219499009835,3236.321175421641,559,stations10_drones2_iteration3.plan
575,231,3774,10,2,4,2797.9963662703644,2798.0066227680386,601,stations10_drones2_iteration4.plan
299,376,3680,10,2,5,2891.426266132449,2891.426266132449,561,stations10_drones2_iteration5.plan
553,352,3876,10,2,6,2400.948357361477,2400.9869263309015,655,stations10_drones2_iteration6.plan
985,390,3684,10,2,7,3057.6835443020673,3057.768468431486,542,stations10_drones2_iteration7.plan
584,332,3776,10,2,8,3399.5421232569643,3400.51880680902,463,stations10_drones2_iteration8.plan
797,195,3732,10,2,9,2827.046409397475,2827.1736717585727,516,stations10_drones2_iteration9.plan
692,208,3722,10,2,10,3405.499407645875,3407.9443307348556,527,stations10_drones2_iteration10.plan
647,391,3738,10,3,1,3480.336613067833,3480.4143071514004,430,stations10_drones3_iteration1.plan
925,362,3750,10,3,2,3597.0344104961587,3597.039740898691,488,stations10_drones3_iteration2.plan
494,258,3730,10,3,3,2838.0143614491503,2838.0159417751197,416,stations10_drones3_iteration3.plan
630,170,3804,10,3,4,3896.0013646952666,3896.0013646952666,423,stations10_drones3_iteration4.plan
766,252,3690,10,3,5,3230.559453210069,3238.3754446650505,416,stations10_drones3_iteration5.plan
699,308,3794,10,3,6,4137.155161794715,4137.359946468319,463,stations10_drones3_iteration6.plan
686,235,3810,10,3,7,3740.652944450454,3740.8420299867066,506,stations10_drones3_iteration7.plan
793,241,3762,10,3,8,2838.0630492742985,2838.6989322185564,439,stations10_drones3_iteration8.plan
672,241,3736,10,3,9,3323.3376802208477,3323.363128100892,614,stations10_drones3_iteration9.plan
720,278,3784,10,3,10,3660.9752024149466,3661.1270873668323,528,stations10_drones3_iteration10.plan
781,392,3704,10,4,1,4545.570510282117,4545.599420711477,441,stations10_drones4_iteration1.plan
938,455,3820,10,4,2,4687.237612029194,4688.421997296702,547,stations10_drones4_iteration2.plan
870,342,3744,10,4,3,4481.879181673445,4483.637611257746,533,stations10_drones4_iteration3.plan
771,328,3728,10,4,4,4330.44703452953,4332.894333325708,570,stations10_drones4_iteration4.plan
910,373,3668,10,4,5,4246.13303801417,4255.446855863482,467,stations10_drones4_iteration5.plan
391,240,3822,10,4,6,4212.568237079572,4212.586331422402,610,stations10_drones4_iteration6.plan
474,358,3670,10,4,7,4070.480594227538,4070.480594227538,588,stations10_drones4_iteration7.plan
870,231,3704,10,4,8,3246.8884469682203,3246.9602313663368,469,stations10_drones4_iteration8.plan
763,133,3732,10,4,9,4700.9655026731625,4701.072788013862,561,stations10_drones4_iteration9.plan
979,432,3800,10,4,10,4725.114025612533,4725.930117789123,601,stations10_drones4_iteration10.plan
538,362,3764,10,5,1,4656.947849314451,4657.04478577442,563,stations10_drones5_iteration1.plan
650,276,3718,10,5,2,5049.287222157601,5049.329125838451,598,stations10_drones5_iteration2.plan
929,299,3830,10,5,3,4177.713690544321,4178.137653632365,613,stations10_drones5_iteration3.plan
715,392,3682,10,5,4,5317.670774752947,5317.768727681114,545,stations10_drones5_iteration4.plan
832,254,3786,10,5,5,4652.646383225109,4657.196580549021,562,stations10_drones5_iteration5.plan
705,149,3744,10,5,6,4428.385181224115,4428.385181224115,580,stations10_drones5_iteration6.plan
439,329,3758,10,5,7,3904.4445423831107,3904.4445423831107,562,stations10_drones5_iteration7.plan
476,494,3762,10,5,8,3350.8816688318957,3350.888399719607,695,stations10_drones5_iteration8.plan
786,271,3698,10,5,9,5334.186560112356,5334.197501210029,589,stations10_drones5_iteration9.plan
1136,196,3804,10,5,10,4596.782241739445,4598.701239362031,643,stations10_drones5_iteration10.plan
919,272,3768,10,6,1,5274.935389191805,5274.937230280502,729,stations10_drones6_iteration1.plan
498,376,3702,10,6,2,6080.533977701593,6080.542455162164,854,stations10_drones6_iteration2.plan
911,197,3766,10,6,3,4862.309321162625,4862.441342417971,834,stations10_drones6_iteration3.plan
610,374,3748,10,6,4,5391.845518898008,5391.853643165131,724,stations10_drones6_iteration4.plan
617,150,3762,10,6,5,3968.225880953503,3968.226236314795,687,stations10_drones6_iteration5.plan
813,258,3822,10,6,6,5237.963396709306,5237.965433666351,699,stations10_drones6_iteration6.plan
486,300,3712,10,6,7,4463.945016101384,4467.2975970101415,788,stations10_drones6_iteration7.plan
971,386,3714,10,6,8,4200.612449472228,4200.612449472228,813,stations10_drones6_iteration8.plan
645,361,3722,10,6,9,5493.499116740395,5493.570322611763,826,stations10_drones6_iteration9.plan
648,246,3796,10,6,10,4882.252553561014,4882.828758326125,917,stations10_drones6_iteration10.plan
886,371,3796,10,7,1,4832.18015449416,4832.473112494927,1118,stations10_drones7_iteration1.plan
606,299,3730,10,7,2,3755.0113619286385,3755.0317060022617,1124,stations10_drones7_iteration2.plan
701,442,3690,10,7,3,4522.013944135166,4526.346249931394,1190,stations10_drones7_iteration3.plan
695,247,3714,10,7,4,4447.828702658944,4448.428556764087,1665,stations10_drones7_iteration4.plan
708,246,3660,10,7,5,5650.851073934104,5650.86816853317,2114,stations10_drones7_iteration5.plan
967,319,3736,10,7,6,3844.7494868722724,3844.7494868722724,2070,stations10_drones7_iteration6.plan
723,429,3744,10,7,7,5307.854329436038,5310.02233808649,2179,stations10_drones7_iteration7.plan
1034,297,3764,10,7,8,5969.119146290731,5970.406779907817,2104,stations10_drones7_iteration8.plan
331,287,3752,10,7,9,4649.07776809801,4649.263150378437,1851,stations10_drones7_iteration9.plan
550,302,3784,10,7,10,5490.520215062473,5491.309471648815,1318,stations10_drones7_iteration10.plan
818,225,3748,10,8,1,4293.633806380545,4293.643490024449,2274,stations10_drones8_iteration1.plan
786,372,3816,10,8,2,4042.958512112807,4043.674459776928,2657,stations10_drones8_iteration2.plan
833,309,3704,10,8,3,5673.2894798669,5673.455407006572,2330,stations10_drones8_iteration3.plan
791,409,3742,10,8,4,4793.682031844511,4793.706895756031,1756,stations10_drones8_iteration4.plan
763,165,3700,10,8,5,4623.14310167047,4623.249371034492,2071,stations10_drones8_iteration5.plan
1047,287,3830,10,8,6,5055.031456386184,5056.138285638281,1544,stations10_drones8_iteration6.plan
1040,335,3698,10,8,7,5126.844084863314,5126.856374823409,1626,stations10_drones8_iteration7.plan
660,333,3736,10,8,8,5123.177902429669,5123.274246782217,1428,stations10_drones8_iteration8.plan
690,384,3710,10,8,9,4580.007179415884,4580.058257048,1625,stations10_drones8_iteration9.plan
592,386,3728,10,8,10,4555.048709212623,4555.075375074164,2405,stations10_drones8_iteration10.plan
547,427,3708,10,9,1,4662.580682692436,4662.580682692436,1880,stations10_drones9_iteration1.plan
611,286,3728,10,9,2,4749.7370970345655,4749.918226607015,1552,stations10_drones9_iteration2.plan
522,250,3802,10,9,3,5501.824691000997,5505.10017520646,2001,stations10_drones9_iteration3.plan
1130,351,3806,10,9,4,4032.9104368938906,4033.1984751029618,2235,stations10_drones9_iteration4.plan
440,301,3770,10,9,5,4768.373717234101,4768.493303196395,1821,stations10_drones9_iteration5.plan
736,395,3774,10,9,6,4852.934482890883,4852.967870006101,1846,stations10_drones9_iteration6.plan
652,204,3704,10,9,7,5285.567501729562,5285.7199557968615,2008,stations10_drones9_iteration7.plan
1004,267,3684,10,9,8,3261.3918971349026,3261.3918971349026,2031,stations10_drones9_iteration8.plan
585,311,3812,10,9,9,4621.833322737738,4624.497204645424,1939,stations10_drones9_iteration9.plan
671,286,3816,10,9,10,6488.524650413794,6488.542386975702,2013,stations10_drones9_iteration10.plan
1000,319,3756,10,10,1,7967.449892736075,7967.5972552922785,1747,stations10_drones10_iteration1.plan
968,249,3782,10,10,2,7162.074154791556,7162.275258888131,1693,stations10_drones10_iteration2.plan
801,294,3776,10,10,3,6834.293088823979,6834.823059061694,1619,stations10_drones10_iteration3.plan
940,335,3796,10,10,4,7853.780499328946,7853.832966166659,1264,stations10_drones10_iteration4.plan
875,212,3796,10,10,5,7209.756101717635,7211.329434973963,1672,stations10_drones10_iteration5.plan
1184,304,3772,10,10,6,9403.393336757654,9403.411021080205,1623,stations10_drones10_iteration6.plan
865,279,3714,10,10,7,6704.559773920717,6704.6387149448365,1586,stations10_drones10_iteration7.plan
1007,205,3734,10,10,8,6061.964893780302,6062.163759158193,1742,stations10_drones10_iteration8.plan
483,205,3724,10,10,9,8710.66287655834,8712.395903074352,1430,stations10_drones10_iteration9.plan
758,371,3792,10,10,10,6256.016401548202,6256.24785882674,1521,stations10_drones10_iteration10.plan
288,361,3718,15,1,1,3281.7202984347227,3281.720700508965,14643,stations15_drones1_iteration1.plan
796,100,3740,15,1,2,3259.2035858360355,3259.2038405419185,9219,stations15_drones1_iteration2.plan
419,151,3722,15,1,3,3742.303055255524,3742.3030747857133,7598,stations15_drones1_iteration3.plan
675,180,3754,15,1,4,3039.717847693575,3039.7179098634692,6003,stations15_drones1_iteration4.plan
677,426,3794,15,1,5,3483.694239756649,3483.694273671196,5026,stations15_drones1_iteration5.plan
1054,86,3718,15,1,6,3268.671267955375,3268.67127501252,4719,stations15_drones1_iteration6.plan
849,439,3744,15,1,7,3399.0411482434893,3399.041520690308,5217,stations15_drones1_iteration7.plan
780,537,3798,15,1,8,2869.6613265749693,2869.6613333298233,4861,stations15_drones1_iteration8.plan
953,115,3788,15,1,9,3826.5800330057486,3826.5802874892197,4269,stations15_drones1_iteration9.plan
652,492,3836,15,1,10,3569.9629364947536,3569.9630194408874,11046,stations15_drones1_iteration10.plan
549,433,3802,15,2,1,3770.441708391617,3771.0056350130385,1689,stations15_drones2_iteration1.plan
965,211,3718,15,2,2,2933.6149897575533,2933.9433822529563,1909,stations15_drones2_iteration2.plan
758,297,3698,15,2,3,3736.677008741849,3738.41726608283,1492,stations15_drones2_iteration3.plan
489,338,3692,15,2,4,3700.6897644339188,3701.451458940651,1991,stations15_drones2_iteration4.plan
946,353,3794,15,2,5,3703.8438022011005,3705.6783238083563,2725,stations15_drones2_iteration5.plan
1008,127,3768,15,2,6,3616.673674497626,3616.6853558176754,2474,stations15_drones2_iteration6.plan
860,358,3824,15,2,7,3225.1332420602653,3225.9873170821256,2657,stations15_drones2_iteration7.plan
709,241,3760,15,2,8,2930.0733268465615,2933.3195088739967,2521,stations15_drones2_iteration8.plan
645,422,3756,15,2,9,3641.040928482783,3641.6055041759328,1735,stations15_drones2_iteration9.plan
631,322,3764,15,2,10,3422.6146645663202,3422.8647025974174,1496,stations15_drones2_iteration10.plan
872,218,3750,15,3,1,4069.82811463402,4069.837083581685,1389,stations15_drones3_iteration1.plan
562,444,3784,15,3,2,4439.040531914351,4439.152823950463,1270,stations15_drones3_iteration2.plan
577,356,3732,15,3,3,4652.33011528174,4652.401768044189,1335,stations15_drones3_iteration3.plan
565,350,3782,15,3,4,4031.2040218198636,4031.9918384803277,1202,stations15_drones3_iteration4.plan
1019,298,3752,15,3,5,5417.51426292151,5417.777177448361,1288,stations15_drones3_iteration5.plan
1059,203,3778,15,3,6,4418.443253022974,4418.443253022974,1342,stations15_drones3_iteration6.plan
973,373,3880,15,3,7,4724.932895741994,4724.9772082048985,1175,stations15_drones3_iteration7.plan
608,226,3770,15,3,8,4226.71865977458,4227.304482709549,1356,stations15_drones3_iteration8.plan
1086,278,3742,15,3,9,3808.019263815495,3808.1653639144415,1109,stations15_drones3_iteration9.plan
635,249,3838,15,3,10,4793.497258915201,4793.720620690099,1326,stations15_drones3_iteration10.plan
830,403,3722,15,4,1,4762.223727008465,4765.221369414296,1500,stations15_drones4_iteration1.plan
776,370,3672,15,4,2,4663.46572306419,4664.479841685065,1127,stations15_drones4_iteration2.plan
703,168,3758,15,4,3,4856.246074552081,4856.311953212612,1182,stations15_drones4_iteration3.plan
943,317,3760,15,4,4,4626.767826338418,4626.767826338418,1066,stations15_drones4_iteration4.plan
701,273,3782,15,4,5,4775.655884300031,4776.212383341157,1189,stations15_drones4_iteration5.plan
736,308,3746,15,4,6,5457.351457684206,5461.549091847432,1452,stations15_drones4_iteration6.plan
698,371,3732,15,4,7,3953.831999531163,3954.1545781169884,1173,stations15_drones4_iteration7.plan
800,306,3742,15,4,8,4355.313358286275,4355.313358286275,1429,stations15_drones4_iteration8.plan
812,261,3718,15,4,9,4365.574163021288,4365.582755105509,1483,stations15_drones4_iteration9.plan
828,282,3770,15,4,10,4574.070321839266,4576.071790831094,1224,stations15_drones4_iteration10.plan
910,297,3732,15,5,1,6045.4574672767,6045.61830420562,3190,stations15_drones5_iteration1.plan
821,342,3772,15,5,2,6801.767238743424,6802.520616028492,2507,stations15_drones5_iteration2.plan
704,216,3786,15,5,3,5706.749310045347,5707.8924309014055,2387,stations15_drones5_iteration3.plan
915,337,3786,15,5,4,6199.498418287752,6199.507874038337,2343,stations15_drones5_iteration4.plan
798,230,3744,15,5,5,5620.944996515678,5621.365827375913,2368,stations15_drones5_iteration5.plan
705,259,3756,15,5,6,4091.135894035251,4091.821745441425,2102,stations15_drones5_iteration6.plan
777,306,3726,15,5,7,5446.715691915104,5446.75790821217,1820,stations15_drones5_iteration7.plan
822,259,3802,15,5,8,5416.112885615293,5416.992643362844,2286,stations15_drones5_iteration8.plan
850,227,3700,15,5,9,6485.905591414217,6485.98450718764,1821,stations15_drones5_iteration9.plan
687,359,3772,15,5,10,6155.483631430784,6155.670338215892,2860,stations15_drones5_iteration10.plan
972,268,3752,15,6,1,4593.25748944641,4593.549493379513,1872,stations15_drones6_iteration1.plan
678,340,3760,15,6,2,5661.621903200024,5661.78797952425,1839,stations15_drones6_iteration2.plan
765,433,3732,15,6,3,5580.984385665995,5581.088867311864,1742,stations15_drones6_iteration3.plan
642,271,3698,15,6,4,5233.499450061876,5233.658930547042,1543,stations15_drones6_iteration4.plan
858,229,3754,15,6,5,3890.5634572418594,3891.0344453653374,1514,stations15_drones6_iteration5.plan
882,395,3864,15,6,6,5353.169463854758,5353.346557924846,1897,stations15_drones6_iteration6.plan
1034,335,3770,15,6,7,6416.132125559295,6416.235658409687,1549,stations15_drones6_iteration7.plan
923,410,3736,15,6,8,4057.204268897778,4058.5119935922917,1721,stations15_drones6_iteration8.plan
767,285,3818,15,6,9,5717.320631762015,5717.367557025757,1539,stations15_drones6_iteration9.plan
625,324,3766,15,6,10,5102.579609941289,5102.589360381873,1710,stations15_drones6_iteration10.plan
730,359,3774,15,7,1,5610.098791537064,5610.146784835613,1620,stations15_drones7_iteration1.plan
916,243,3744,15,7,2,5926.425558298037,5926.935293250044,2120,stations15_drones7_iteration2.plan
825,246,3704,15,7,3,4539.0041407299705,4539.004647088559,2399,stations15_drones7_iteration3.plan
672,333,3832,15,7,4,5713.038669626242,5713.231304435262,1960,stations15_drones7_iteration4.plan
853,279,3774,15,7,5,5886.5248091979665,5887.081942873636,5832,stations15_drones7_iteration5.plan
855,413,3734,15,7,6,5153.616744736437,5153.714112261764,4213,stations15_drones7_iteration6.plan
486,316,3820,15,7,7,6450.216049359902,6450.257803253502,4760,stations15_drones7_iteration7.plan
553,300,3804,15,7,8,4507.278161929552,4509.299409551253,5207,stations15_drones7_iteration8.plan
887,239,3736,15,7,9,5726.016165918084,5726.06245167916,4469,stations15_drones7_iteration9.plan
766,339,3710,15,7,10,5053.608313963371,5053.637569177184,1876,stations15_drones7_iteration10.plan
842,355,3736,15,8,1,5655.647235839741,5655.6713136522585,5666,stations15_drones8_iteration1.plan
771,307,3690,15,8,2,6716.67773374343,6716.680015096455,4023,stations15_drones8_iteration2.plan
720,284,3748,15,8,3,8375.668539947204,8375.670929852233,4376,stations15_drones8_iteration3.plan
687,233,3768,15,8,4,7450.333818852697,7495.050842425339,3781,stations15_drones8_iteration4.plan
713,365,3774,15,8,5,6576.726921074373,6576.7909387543505,4557,stations15_drones8_iteration5.plan
913,271,3802,15,8,6,8001.319012858979,8004.603376304448,4701,stations15_drones8_iteration6.plan
550,292,3720,15,8,7,8675.355084181623,8675.377069408016,3216,stations15_drones8_iteration7.plan
792,382,3722,15,8,8,7143.034493140402,7144.925915498041,3063,stations15_drones8_iteration8.plan
936,363,3750,15,8,9,7139.082847290818,7139.665221408851,3227,stations15_drones8_iteration9.plan
665,336,3734,15,8,10,6752.165044742281,6752.183641700495,4726,stations15_drones8_iteration10.plan
999,253,3690,15,9,1,7170.373563625102,7171.422155593759,3116,stations15_drones9_iteration1.plan
847,388,3734,15,9,2,8185.756721294909,8186.317937942851,2455,stations15_drones9_iteration2.plan
406,315,3736,15,9,3,5899.608896679512,5899.872335229328,3001,stations15_drones9_iteration3.plan
811,325,3794,15,9,4,5721.70653089105,5726.112475195825,2593,stations15_drones9_iteration4.plan
490,234,3796,15,9,5,6110.544032685884,6110.642114863266,2761,stations15_drones9_iteration5.plan
916,327,3784,15,9,6,6988.5522297057905,6988.585261455058,2771,stations15_drones9_iteration6.plan
595,244,3746,15,9,7,7819.892861254475,7819.892861254475,2438,stations15_drones9_iteration7.plan
686,314,3816,15,9,8,7265.13234065706,7266.208921747387,3052,stations15_drones9_iteration8.plan
592,189,3778,15,9,9,5856.137636376377,5856.137636376377,2972,stations15_drones9_iteration9.plan
849,214,3756,15,9,10,7846.868448619616,7847.033409252416,2638,stations15_drones9_iteration10.plan
755,179,3700,15,10,1,7822.010418212664,7823.235292181763,9690,stations15_drones10_iteration1.plan
424,284,3720,15,10,2,8056.8037655475255,8057.608443589333,7327,stations15_drones10_iteration2.plan
929,361,3732,15,10,3,7147.9062811598815,7147.9062811598815,6062,stations15_drones10_iteration3.plan
692,249,3866,15,10,4,7519.195991404911,7519.419345089005,6165,stations15_drones10_iteration4.plan
619,217,3810,15,10,5,7109.803716522645,7110.063608663201,4530,stations15_drones10_iteration5.plan
648,319,3746,15,10,6,8148.4603101025195,8149.180072065678,3341,stations15_drones10_iteration6.plan
929,243,3794,15,10,7,7728.248544130404,7728.741737728543,3726,stations15_drones10_iteration7.plan
888,264,3788,15,10,8,5704.729019061814,5706.364063513854,3823,stations15_drones10_iteration8.plan
872,238,3720,15,10,9,6992.315273919398,6992.337656941552,3894,stations15_drones10_iteration9.plan
662,359,3666,15,10,10,6327.266535554988,6327.280061615124,7867,stations15_drones10_iteration10.plan
1295,358,3794,20,1,1,3538.6004605360686,3538.601177431214,30254,stations20_drones1_iteration1.plan
1069,424,3780,20,1,2,2912.4931219681725,2912.4942923938306,39525,stations20_drones1_iteration2.plan
815,284,3752,20,1,3,3215.4073834059272,3215.4091520981374,43470,stations20_drones1_iteration3.plan
803,195,3748,20,1,4,3440.808874387661,3440.8089184145038,27985,stations20_drones1_iteration4.plan
55,296,3720,20,1,5,3350.905270113669,3350.905351789536,19773,stations20_drones1_iteration5.plan
485,376,3764,20,1,6,3483.1503939059285,3483.150753457552,24326,stations20_drones1_iteration6.plan
1096,461,3782,20,1,7,3279.073302353487,3279.0733052360015,20098,stations20_drones1_iteration7.plan
1295,505,3752,20,1,8,3765.504804772582,3765.5048047725827,13647,stations20_drones1_iteration8.plan
650,438,3740,20,1,9,2914.3665654366237,2914.366844198151,44907,stations20_drones1_iteration9.plan
252,472,3742,20,1,10,3851.9131643373253,3851.9131643373257,37794,stations20_drones1_iteration10.plan
796,387,3698,20,2,1,3934.203263643016,3937.953637013646,3903,stations20_drones2_iteration1.plan
746,398,3756,20,2,2,3997.743035122568,3998.8226797823672,3751,stations20_drones2_iteration2.plan
875,408,3758,20,2,3,4268.23101741793,4269.962935682055,3802,stations20_drones2_iteration3.plan
630,241,3810,20,2,4,3730.312747343572,3731.4810377890535,3710,stations20_drones2_iteration4.plan
824,448,3762,20,2,5,4131.329344241897,4131.346460493923,14705,stations20_drones2_iteration5.plan
644,312,3738,20,2,6,3767.045821363299,3767.0746283693434,10816,stations20_drones2_iteration6.plan
906,302,3762,20,2,7,4042.6811150142667,4045.7205223765795,10369,stations20_drones2_iteration7.plan
970,125,3786,20,2,8,3573.0331672210605,3574.9351733771878,16543,stations20_drones2_iteration8.plan
793,439,3684,20,2,9,4222.745413913045,4224.26319892894,12390,stations20_drones2_iteration9.plan
944,113,3734,20,2,10,3872.6534568746038,3872.699030870563,3634,stations20_drones2_iteration10.plan
679,377,3814,20,3,1,4368.694473329708,4375.516364497168,7102,stations20_drones3_iteration1.plan
983,229,3790,20,3,2,4711.0918331470875,4711.817883451135,5734,stations20_drones3_iteration2.plan
785,415,3726,20,3,3,4454.637800161713,4455.636871675159,4284,stations20_drones3_iteration3.plan
942,393,3762,20,3,4,4215.5302006019065,4215.5302006019065,3789,stations20_drones3_iteration4.plan
716,187,3766,20,3,5,5092.175899492203,5094.349064918739,6237,stations20_drones3_iteration5.plan
1015,246,3808,20,3,6,4870.48422084789,4881.017737492832,5469,stations20_drones3_iteration6.plan
507,304,3770,20,3,7,4554.038333728047,4586.743954373236,5461,stations20_drones3_iteration7.plan
602,415,3766,20,3,8,4558.933788755859,4579.449503137569,4247,stations20_drones3_iteration8.plan
556,223,3786,20,3,9,4632.879155539545,4633.150732987069,3783,stations20_drones3_iteration9.plan
898,319,3804,20,3,10,4817.069988322832,4827.2454404603495,5441,stations20_drones3_iteration10.plan
940,351,3788,20,4,1,6235.778584741901,6238.7754116463675,3047,stations20_drones4_iteration1.plan
821,243,3732,20,4,2,5476.975197128849,5481.746671319728,2747,stations20_drones4_iteration2.plan
929,237,3820,20,4,3,4931.232197757892,4934.9175719586365,2330,stations20_drones4_iteration3.plan
695,354,3716,20,4,4,5804.220982991104,5804.226648711881,2788,stations20_drones4_iteration4.plan
672,147,3776,20,4,5,6135.698312115694,6136.3941628388275,2323,stations20_drones4_iteration5.plan
789,264,3714,20,4,6,5109.617720313938,5118.530481656766,1989,stations20_drones4_iteration6.plan
710,405,3748,20,4,7,5748.415766290239,5751.220533826178,2278,stations20_drones4_iteration7.plan
777,267,3710,20,4,8,5310.349992150619,5314.866503717738,2718,stations20_drones4_iteration8.plan
630,217,3730,20,4,9,5649.809648857983,5660.388907062836,2632,stations20_drones4_iteration9.plan
660,350,3760,20,4,10,5517.391737680386,5519.930715213607,2573,stations20_drones4_iteration10.plan
957,308,3788,20,5,1,6045.404557009824,6045.532535168357,7783,stations20_drones5_iteration1.plan
612,254,3804,20,5,2,5621.706005539762,5623.426981177363,8160,stations20_drones5_iteration2.plan
718,322,3794,20,5,3,5654.500947665695,5672.375649845286,8735,stations20_drones5_iteration3.plan
615,314,3888,20,5,4,6064.845034892922,6064.845034892922,5871,stations20_drones5_iteration4.plan
739,296,3782,20,5,5,6305.467879288057,6305.730242188332,5108,stations20_drones5_iteration5.plan
773,313,3762,20,5,6,5470.7287963813305,5470.967980457641,5001,stations20_drones5_iteration6.plan
783,231,3814,20,5,7,6362.479067213882,6362.479067213882,5140,stations20_drones5_iteration7.plan
899,302,3780,20,5,8,6487.88656758238,6487.908218871993,3687,stations20_drones5_iteration8.plan
449,354,3758,20,5,9,5501.561028581475,5501.73991053954,4330,stations20_drones5_iteration9.plan
647,275,3656,20,5,10,6110.256944487542,6110.51111210136,7208,stations20_drones5_iteration10.plan
642,360,3694,20,6,1,5271.8298232199495,5273.028510776437,8093,stations20_drones6_iteration1.plan
885,284,3756,20,6,2,6401.364568535062,6401.981733293423,7182,stations20_drones6_iteration2.plan
632,324,3782,20,6,3,6097.735318789257,6097.784203255775,5088,stations20_drones6_iteration3.plan
740,261,3796,20,6,4,5625.022773928453,5625.106398460044,4837,stations20_drones6_iteration4.plan
624,263,3748,20,6,5,5576.896689278733,5578.707139220912,3640,stations20_drones6_iteration5.plan
538,330,3654,20,6,6,5201.915248842599,5202.4171328433085,3223,stations20_drones6_iteration6.plan
1012,271,3798,20,6,7,6579.991922762416,6580.056961675812,3081,stations20_drones6_iteration7.plan
727,220,3702,20,6,8,6151.419958729613,6151.518627712729,2830,stations20_drones6_iteration8.plan
684,372,3704,20,6,9,5740.0819581099195,5740.390206015536,2618,stations20_drones6_iteration9.plan
1097,271,3690,20,6,10,6028.412802117677,6028.702945575129,6112,stations20_drones6_iteration10.plan
572,261,3720,20,7,1,6765.454512649723,6765.517365225179,3191,stations20_drones7_iteration1.plan
582,276,3812,20,7,2,6314.614856494789,6314.614856494789,3178,stations20_drones7_iteration2.plan
551,280,3748,20,7,3,6954.061790314534,6954.192420023999,3339,stations20_drones7_iteration3.plan
992,393,3776,20,7,4,7234.900331663808,7235.271584752926,3874,stations20_drones7_iteration4.plan
710,320,3762,20,7,5,7857.919437651523,7863.011585168026,12499,stations20_drones7_iteration5.plan
795,326,3786,20,7,6,7773.852257492409,7777.489521288056,12158,stations20_drones7_iteration6.plan
595,313,3784,20,7,7,7396.503588794937,7405.954397229248,10507,stations20_drones7_iteration7.plan
957,332,3762,20,7,8,7218.146369717216,7218.3834354270175,15375,stations20_drones7_iteration8.plan
989,273,3764,20,7,9,7392.269079463958,7392.328896161871,13819,stations20_drones7_iteration9.plan
850,291,3780,20,7,10,8198.4388387064,8198.59247199578,3308,stations20_drones7_iteration10.plan
629,314,3806,20,8,1,8550.697430700338,8550.734075610986,13242,stations20_drones8_iteration1.plan
708,289,3708,20,8,2,7514.112864026979,7514.324225000027,27654,stations20_drones8_iteration2.plan
844,249,3674,20,8,3,7960.028642349963,7960.530675894843,21733,stations20_drones8_iteration3.plan
717,261,3738,20,8,4,6525.470416215459,6537.424303667879,23131,stations20_drones8_iteration4.plan
917,282,3740,20,8,5,7933.077977432748,7947.655595821184,17719,stations20_drones8_iteration5.plan
717,363,3752,20,8,6,7281.888618499965,7285.72754222115,14570,stations20_drones8_iteration6.plan
767,314,3794,20,8,7,7104.719589477346,7104.719589477346,10835,stations20_drones8_iteration7.plan
772,246,3800,20,8,8,7694.416429464962,7694.677141548935,8441,stations20_drones8_iteration8.plan
869,298,3702,20,8,9,6765.701362365033,6767.703310400189,7062,stations20_drones8_iteration9.plan
710,235,3782,20,8,10,6373.3713137715185,6373.507766120911,10249,stations20_drones8_iteration10.plan
860,285,3768,20,9,1,6801.080363892789,6812.255595442145,8990,stations20_drones9_iteration1.plan
537,341,3728,20,9,2,8023.5264931588545,8025.555227740115,6697,stations20_drones9_iteration2.plan
710,332,3778,20,9,3,7703.853075959134,7707.9270160731885,8010,stations20_drones9_iteration3.plan
805,245,3706,20,9,4,7073.343895981616,7074.078900766637,5393,stations20_drones9_iteration4.plan
747,278,3812,20,9,5,7687.094448489196,7688.4717011636185,5160,stations20_drones9_iteration5.plan
683,308,3810,20,9,6,7906.130149174341,7910.609780078601,5242,stations20_drones9_iteration6.plan
688,280,3708,20,9,7,7420.334574412314,7420.596397941759,4432,stations20_drones9_iteration7.plan
922,304,3722,20,9,8,6457.982770781303,6462.095484255622,5401,stations20_drones9_iteration8.plan
763,325,3720,20,9,9,8567.573779292217,8568.128391892185,4686,stations20_drones9_iteration9.plan
996,260,3764,20,9,10,6881.031930346164,6881.053393249305,8699,stations20_drones9_iteration10.plan
1061,192,3716,20,10,1,9810.916661593794,9810.980906645967,30519,stations20_drones10_iteration1.plan
498,329,3814,20,10,2,8459.659378461782,8461.579463430715,22086,stations20_drones10_iteration2.plan
807,299,3732,20,10,3,10304.169536306792,10310.223160198093,16264,stations20_drones10_iteration3.plan
754,273,3740,20,10,4,9458.065287608611,9458.118711814997,12912,stations20_drones10_iteration4.plan
942,342,3692,20,10,5,8861.818679885953,8863.795261449493,11976,stations20_drones10_iteration5.plan
715,297,3766,20,10,6,9406.62863782652,9406.638365750747,8574,stations20_drones10_iteration6.plan
708,294,3808,20,10,7,9829.475803730364,9833.155917444543,8541,stations20_drones10_iteration7.plan
736,261,3734,20,10,8,10385.284616444385,10386.119996653002,7880,stations20_drones10_iteration8.plan
740,198,3650,20,10,9,8561.871353697046,8564.420366038497,4886,stations20_drones10_iteration9.plan
869,294,3726,20,10,10,9021.756976394581,9022.968917705408,26826,stations20_drones10_iteration10.plan
934,483,3846,25,1,1,3560.4950681532896,3560.4951525922365,63411,stations25_drones1_iteration1.plan
226,435,3734,25,1,2,4181.47962443046,4181.48198727846,62717,stations25_drones1_iteration2.plan
1180,134,3770,25,1,3,3868.8124759288157,3868.8124759288166,89315,stations25_drones1_iteration3.plan
1240,208,3808,25,1,4,3935.513207483846,3935.513224727759,90142,stations25_drones1_iteration4.plan
139,304,3802,25,1,5,3938.9861824454374,3938.986182582289,78568,stations25_drones1_iteration5.plan
612,185,3700,25,1,6,4071.5837069302825,4071.583760587622,91188,stations25_drones1_iteration6.plan
1045,200,3802,25,1,7,3923.372724027992,3923.3809828594913,87250,stations25_drones1_iteration7.plan
340,355,3702,25,1,8,3864.4785061339726,3864.4786745981837,63604,stations25_drones1_iteration8.plan
1102,473,3724,25,1,9,3867.941488822325,3867.941548299041,69785,stations25_drones1_iteration9.plan
474,378,3842,25,1,10,3668.355023119815,3668.3550954302596,68849,stations25_drones1_iteration10.plan
763,237,3732,25,2,1,3863.7596770518367,3863.984526681827,15165,stations25_drones2_iteration1.plan
616,310,3778,25,2,2,3545.118277375421,3549.2497452194434,7103,stations25_drones2_iteration2.plan
845,333,3770,25,2,3,4358.506522987859,4387.655996425368,7833,stations25_drones2_iteration3.plan
866,398,3730,25,2,4,3987.238586522989,3989.5485568904596,6735,stations25_drones2_iteration4.plan
798,349,3754,25,2,5,3950.242629303544,3953.2348351530363,42720,stations25_drones2_iteration5.plan
721,384,3770,25,2,6,4456.072163088429,4456.715395434308,38501,stations25_drones2_iteration6.plan
665,341,3828,25,2,7,3869.61972287125,3871.7888875706603,35605,stations25_drones2_iteration7.plan
642,372,3744,25,2,8,4098.293328386227,4098.748810565481,45161,stations25_drones2_iteration8.plan
759,233,3752,25,2,9,3744.1291049923384,3744.979969022991,43815,stations25_drones2_iteration9.plan
786,322,3776,25,2,10,4599.877692850023,4601.828157815171,11908,stations25_drones2_iteration10.plan
760,305,3750,25,3,1,5147.460836802664,5152.214225690818,22428,stations25_drones3_iteration1.plan
546,418,3792,25,3,2,4663.158831865981,4665.673002921175,26420,stations25_drones3_iteration2.plan
765,399,3748,25,3,3,4631.994262458052,4668.851066560161,30698,stations25_drones3_iteration3.plan
813,175,3812,25,3,4,4860.719035104019,4860.719035104019,32116,stations25_drones3_iteration4.plan
785,248,3738,25,3,5,4668.113979886609,4668.380971169093,29624,stations25_drones3_iteration5.plan
843,248,3756,25,3,6,4689.988659361467,4702.072831681601,28328,stations25_drones3_iteration6.plan
655,336,3686,25,3,7,4756.410579817034,4837.672386033488,19518,stations25_drones3_iteration7.plan
700,448,3816,25,3,8,5756.104551084906,5759.053371617641,18148,stations25_drones3_iteration8.plan
665,371,3774,25,3,9,5135.193296396739,5137.616242539525,10568,stations25_drones3_iteration9.plan
897,248,3754,25,3,10,4737.622479193389,4738.701699569397,18176,stations25_drones3_iteration10.plan
637,193,3812,25,4,1,4946.128693801685,4946.8959945104,11287,stations25_drones4_iteration1.plan
651,235,3804,25,4,2,5807.325318191215,5809.650826815588,7924,stations25_drones4_iteration2.plan
681,280,3774,25,4,3,4758.357189183722,4764.901231904212,7605,stations25_drones4_iteration3.plan
802,322,3778,25,4,4,5421.303418267834,5421.627478690326,7219,stations25_drones4_iteration4.plan
896,466,3818,25,4,5,5022.5712855762595,5025.278413458495,5286,stations25_drones4_iteration5.plan
993,260,3802,25,4,6,6223.2632639302665,6225.815907336838,6589,stations25_drones4_iteration6.plan
606,344,3762,25,4,7,4968.86926893038,4975.759303671658,4919,stations25_drones4_iteration7.plan
959,477,3756,25,4,8,4768.798784868252,4772.226093468378,4988,stations25_drones4_iteration8.plan
922,163,3752,25,4,9,5807.088714088769,5814.641591258229,5189,stations25_drones4_iteration9.plan
593,348,3774,25,4,10,5323.791578962087,5326.859015269135,9269,stations25_drones4_iteration10.plan
842,287,3810,25,5,1,5982.380943154103,5982.908634312309,18695,stations25_drones5_iteration1.plan
742,236,3756,25,5,2,5920.493042319738,5920.555612077139,13551,stations25_drones5_iteration2.plan
672,375,3740,25,5,3,6457.924609044792,6463.254284991877,21466,stations25_drones5_iteration3.plan
616,298,3752,25,5,4,5703.630783236817,5706.17131381957,15745,stations25_drones5_iteration4.plan
632,307,3792,25,5,5,6519.299700319063,6519.482282564439,14059,stations25_drones5_iteration5.plan
952,281,3732,25,5,6,5988.54430747185,5989.363413685805,11767,stations25_drones5_iteration6.plan
793,340,3744,25,5,7,6634.267170955543,6634.964828773049,25178,stations25_drones5_iteration7.plan
744,308,3754,25,5,8,6266.365416607875,6268.403193847919,22882,stations25_drones5_iteration8.plan
796,287,3732,25,5,9,5967.9945456198,5970.12893149958,23901,stations25_drones5_iteration9.plan
679,271,3662,25,5,10,6521.91325686999,6541.388033349269,13451,stations25_drones5_iteration10.plan
705,243,3800,25,6,1,7441.545116692998,7443.43229660301,27125,stations25_drones6_iteration1.plan
822,263,3792,25,6,2,6347.121251764428,6381.928931145911,19795,stations25_drones6_iteration2.plan
952,330,3712,25,6,3,6620.723017579394,6620.9662682557955,16033,stations25_drones6_iteration3.plan
559,299,3796,25,6,4,6082.815448467952,6084.976237917791,13986,stations25_drones6_iteration4.plan
741,269,3764,25,6,5,6546.556410986714,6547.536708898497,10359,stations25_drones6_iteration5.plan
779,294,3824,25,6,6,6409.798253162962,6425.339252825161,7439,stations25_drones6_iteration6.plan
834,345,3828,25,6,7,6399.761764536324,6401.518266224001,7047,stations25_drones6_iteration7.plan
707,289,3710,25,6,8,5394.970254461628,5395.436453062262,9180,stations25_drones6_iteration8.plan
785,326,3756,25,6,9,6209.3040728710175,6210.225010233147,7310,stations25_drones6_iteration9.plan
810,282,3816,25,6,10,6408.204326749737,6409.274183404056,28473,stations25_drones6_iteration10.plan
985,195,3810,25,7,1,6561.55339779306,6565.047076433739,6103,stations25_drones7_iteration1.plan
747,246,3782,25,7,2,7371.983734000078,7382.1538927385645,5169,stations25_drones7_iteration2.plan
628,266,3750,25,7,3,6401.935394895675,6422.380662265167,5122,stations25_drones7_iteration3.plan
957,295,3808,25,7,4,6607.63773618624,6609.235135813779,4646,stations25_drones7_iteration4.plan
818,273,3726,25,7,5,7850.393622707865,7861.2725250632275,25951,stations25_drones7_iteration5.plan
627,229,3746,25,7,6,6617.048657707108,6617.205840016973,29848,stations25_drones7_iteration6.plan
942,269,3788,25,7,7,6652.556560237639,6661.179375153754,23234,stations25_drones7_iteration7.plan
588,352,3766,25,7,8,7205.560135078017,7238.697504624682,26500,stations25_drones7_iteration8.plan
506,265,3802,25,7,9,5861.917711278854,5864.9657471475,26954,stations25_drones7_iteration9.plan
931,387,3750,25,7,10,7117.819696591546,7120.033708930432,5467,stations25_drones7_iteration10.plan
859,247,3746,25,8,1,7445.192379101905,7474.185487803966,32908,stations25_drones8_iteration1.plan
938,288,3692,25,8,2,7481.022443574869,7491.066741377619,21253,stations25_drones8_iteration2.plan
714,360,3832,25,8,3,8576.806825528214,8595.300673872234,27579,stations25_drones8_iteration3.plan
985,224,3704,25,8,4,7833.343883308328,7850.017020721513,20740,stations25_drones8_iteration4.plan
631,241,3780,25,8,5,7356.50960567851,7357.198847040162,30520,stations25_drones8_iteration5.plan
955,254,3708,25,8,6,5847.062858880667,5847.0836268555395,32715,stations25_drones8_iteration6.plan
698,384,3788,25,8,7,7810.259286299804,7821.23642010024,23317,stations25_drones8_iteration7.plan
635,333,3766,25,8,8,7710.983835365157,7714.013421814757,17707,stations25_drones8_iteration8.plan
1056,197,3704,25,8,9,6991.710765954878,7028.206562406307,13923,stations25_drones8_iteration9.plan
702,252,3766,25,8,10,6293.32279876051,6353.0587425727035,29064,stations25_drones8_iteration10.plan
673,265,3770,25,9,1,8149.2315741932225,8149.439357272844,13623,stations25_drones9_iteration1.plan
736,236,3754,25,9,2,8463.67219265937,8474.594068996454,8653,stations25_drones9_iteration2.plan
595,204,3778,25,9,3,9034.044447759135,9034.409090226292,17827,stations25_drones9_iteration3.plan
684,219,3752,25,9,4,9240.608810891354,9250.365813008826,13475,stations25_drones9_iteration4.plan
841,190,3794,25,9,5,8088.825746040606,8166.692985124851,10866,stations25_drones9_iteration5.plan
850,293,3782,25,9,6,8987.59225218487,8987.895449667209,7718,stations25_drones9_iteration6.plan
608,284,3866,25,9,7,8942.83240275824,8962.478306108062,6867,stations25_drones9_iteration7.plan
729,308,3800,25,9,8,8662.807425058636,8697.50981422413,6608,stations25_drones9_iteration8.plan
780,325,3846,25,9,9,8697.0217641469,8698.353279116283,7477,stations25_drones9_iteration9.plan
691,346,3804,25,9,10,8036.243439660774,8040.079746738752,11948,stations25_drones9_iteration10.plan
813,244,3672,25,10,1,8900.293184845938,8918.437596049842,34258,stations25_drones10_iteration1.plan
871,287,3766,25,10,2,8157.838890877791,8158.3842205141345,42269,stations25_drones10_iteration2.plan
697,288,3788,25,10,3,8099.786439658198,8101.668377861375,33925,stations25_drones10_iteration3.plan
639,330,3748,25,10,4,9037.030759675265,9039.93950579369,27073,stations25_drones10_iteration4.plan
887,307,3764,25,10,5,8420.546523596837,8420.803509015675,21464,stations25_drones10_iteration5.plan
833,220,3726,25,10,6,9061.383787188503,9064.599916566982,15454,stations25_drones10_iteration6.plan
904,260,3744,25,10,7,7001.398104087179,7005.543383671642,10788,stations25_drones10_iteration7.plan
795,293,3742,25,10,8,8569.679482653488,8574.836792150798,30712,stations25_drones10_iteration8.plan
759,308,3790,25,10,9,8182.186679409789,8187.353846155648,20334,stations25_drones10_iteration9.plan
911,250,3720,25,10,10,8254.13550803439,8263.935698195588,37824,stations25_drones10_iteration10.plan
900,56,3746,45,1,1,5210.349913587674,5210.3501956896225,388027,stations45_drones1_iteration1.plan
1005,426,3804,45,1,2,5126.27721522333,5126.277215223331,376244,stations45_drones1_iteration2.plan
1237,298,3858,45,1,3,4972.656733237563,4972.656910603589,353091,stations45_drones1_iteration3.plan
471,168,3730,45,1,4,4880.306815557541,4880.307097744106,346191,stations45_drones1_iteration4.plan
1301,512,3738,45,1,5,5198.785461957778,5198.785462532748,355191,stations45_drones1_iteration5.plan
944,458,3722,45,1,6,4692.273230636437,4692.273230636437,347754,stations45_drones1_iteration6.plan
309,452,3752,45,1,7,4769.9626774891785,4769.963321716231,410738,stations45_drones1_iteration7.plan
1121,175,3784,45,1,8,4700.738344950079,4700.747991967945,344630,stations45_drones1_iteration8.plan
1436,64,3748,45,1,9,5150.022556837499,5150.022870007726,400030,stations45_drones1_iteration9.plan
1363,74,3726,45,1,10,4971.475544317966,4971.571797051384,109938,stations45_drones1_iteration10.plan
456,194,3824,45,2,1,5976.483408646551,6048.652818813711,170982,stations45_drones2_iteration1.plan
862,274,3740,45,2,2,5662.9296163055515,6139.619905148109,225635,stations45_drones2_iteration2.plan
444,315,3744,45,2,3,5724.040831562423,6060.5772084047,133635,stations45_drones2_iteration3.plan
1001,431,3698,45,2,4,5252.587612681766,6318.05983890647,70710,stations45_drones2_iteration4.plan
603,502,3764,45,2,5,5429.619091697138,5571.922123895072,153904,stations45_drones2_iteration5.plan
362,422,3682,45,2,6,5492.345987923191,6056.141750413193,233530,stations45_drones2_iteration6.plan
538,233,3742,45,2,7,5305.038140354949,5545.788842328624,213845,stations45_drones2_iteration7.plan
911,336,3800,45,2,8,6025.337229952544,6114.088015995149,206929,stations45_drones2_iteration8.plan
500,311,3762,45,2,9,5241.923080426835,5389.232929860635,213893,stations45_drones2_iteration9.plan
732,230,3742,45,2,10,4972.056310592991,5147.413876786541,250823,stations45_drones2_iteration10.plan
498,163,3838,45,3,1,6530.020614430713,6581.726017682231,175508,stations45_drones3_iteration1.plan
866,292,3792,45,3,2,6225.088840919569,6293.0828758095195,137423,stations45_drones3_iteration2.plan
787,413,3750,45,3,3,5938.905392892472,6045.486234500443,134034,stations45_drones3_iteration3.plan
564,260,3756,45,3,4,5555.4369470195425,5682.086115900369,165142,stations45_drones3_iteration4.plan
865,349,3746,45,3,5,5913.29952607261,6005.142365246767,139802,stations45_drones3_iteration5.plan
798,151,3838,45,3,6,6061.580949836676,6089.809272665971,129555,stations45_drones3_iteration6.plan
672,277,3740,45,3,7,5741.565628224138,5778.484553029171,130587,stations45_drones3_iteration7.plan
925,235,3780,45,3,8,5948.3194816019395,6071.554990304491,157896,stations45_drones3_iteration8.plan
871,356,3728,45,3,9,6256.505748816785,6355.883660571857,152841,stations45_drones3_iteration9.plan
751,225,3818,45,3,10,5686.903497585683,5729.271337333329,140218,stations45_drones3_iteration10.plan
572,273,3808,45,4,1,6134.934578359719,6157.280797922154,126202,stations45_drones4_iteration1.plan
785,426,3828,45,4,2,6448.039535959989,6483.875905860445,142196,stations45_drones4_iteration2.plan
843,421,3758,45,4,3,6204.307824595902,6269.092541407444,79071,stations45_drones4_iteration3.plan
907,219,3786,45,4,4,6438.895046686452,6444.162867073903,50087,stations45_drones4_iteration4.plan
487,264,3856,45,4,5,6187.4538328314175,6274.478132813143,50118,stations45_drones4_iteration5.plan
797,225,3768,45,4,6,6178.923715250605,6207.78630257281,62130,stations45_drones4_iteration6.plan
612,394,3726,45,4,7,6490.654217346651,6624.771282951621,44877,stations45_drones4_iteration7.plan
545,320,3730,45,4,8,6407.752456888588,6487.340171048912,57438,stations45_drones4_iteration8.plan
807,257,3760,45,4,9,6031.386701237701,6149.276550064125,31860,stations45_drones4_iteration9.plan
884,268,3776,45,4,10,6701.7081195368255,6793.370429329096,81693,stations45_drones4_iteration10.plan
834,398,3736,45,5,1,7044.623437018843,7091.582993316843,73606,stations45_drones5_iteration1.plan
768,398,3720,45,5,2,7382.3725859262995,7427.786569951402,114490,stations45_drones5_iteration2.plan
831,232,3672,45,5,3,7395.033469251374,7550.542329011872,131667,stations45_drones5_iteration3.plan
642,295,3820,45,5,4,7078.330764672667,7177.148904207808,51666,stations45_drones5_iteration4.plan
797,383,3740,45,5,5,7606.173438451029,7610.76776523965,41242,stations45_drones5_iteration5.plan
838,269,3752,45,5,6,7629.523168516813,7640.62450468476,13985,stations45_drones5_iteration6.plan
642,209,3788,45,5,7,7232.782146942727,7279.428842941424,21491,stations45_drones5_iteration7.plan
883,323,3780,45,5,8,7426.883551180935,7546.459312282117,24800,stations45_drones5_iteration8.plan
638,346,3826,45,5,9,7324.227264445263,7367.131211841932,25008,stations45_drones5_iteration9.plan
966,312,3820,45,5,10,6671.85456590138,6733.984513936132,110589,stations45_drones5_iteration10.plan
608,330,3778,45,6,1,7706.416734803142,7746.454259738529,26536,stations45_drones6_iteration1.plan
511,287,3778,45,6,2,7704.464375818439,7780.441836862766,41085,stations45_drones6_iteration2.plan
769,459,3732,45,6,3,7520.458573696802,7570.615119128654,38008,stations45_drones6_iteration3.plan
752,378,3832,45,6,4,7689.673203101199,7708.810709095839,45479,stations45_drones6_iteration4.plan
672,305,3768,45,6,5,7277.755376183891,7345.074683120051,48520,stations45_drones6_iteration5.plan
561,304,3742,45,6,6,8429.937638358504,8431.290900061247,61098,stations45_drones6_iteration6.plan
856,290,3836,45,6,7,8345.217503751654,8387.402032649934,88276,stations45_drones6_iteration7.plan
874,344,3740,45,6,8,7823.5854231821595,7825.179464000659,110950,stations45_drones6_iteration8.plan
886,291,3820,45,6,9,8090.90286139476,8195.324483426182,108369,stations45_drones6_iteration9.plan
644,331,3764,45,6,10,7816.785312866808,7896.795230554995,42073,stations45_drones6_iteration10.plan
701,218,3754,45,7,1,7966.729924408001,8088.397628731156,114462,stations45_drones7_iteration1.plan
730,244,3794,45,7,2,7824.33385008644,7895.313330282536,98066,stations45_drones7_iteration2.plan
901,309,3736,45,7,3,9023.035728645535,9030.128153867963,41707,stations45_drones7_iteration3.plan
643,285,3688,45,7,4,8434.801477822755,8515.78436228291,34589,stations45_drones7_iteration4.plan
651,398,3722,45,7,5,8132.626303379656,8180.147948327582,50807,stations45_drones7_iteration5.plan
707,238,3784,45,7,6,8687.732198842383,8797.304813987746,49675,stations45_drones7_iteration6.plan
748,404,3818,45,7,7,8511.363997233339,8528.467035190484,55411,stations45_drones7_iteration7.plan
635,292,3796,45,7,8,8285.23637311539,8322.967115749832,100265,stations45_drones7_iteration8.plan
847,294,3776,45,7,9,8506.567973716643,8594.347074464344,107813,stations45_drones7_iteration9.plan
965,374,3752,45,7,10,8311.312489224661,8336.787015708414,40716,stations45_drones7_iteration10.plan
1093,304,3774,45,8,1,10012.29823542491,10015.57551593115,127130,stations45_drones8_iteration1.plan
883,225,3784,45,8,2,8681.971247666503,8694.587603465749,35408,stations45_drones8_iteration2.plan
748,285,3756,45,8,3,9921.942827211937,9959.036711724268,26011,stations45_drones8_iteration3.plan
804,239,3752,45,8,4,9308.628051515092,9320.78941325029,22747,stations45_drones8_iteration4.plan
921,332,3714,45,8,5,9085.737078691702,9110.50104606042,27992,stations45_drones8_iteration5.plan
735,308,3772,45,8,6,8617.2842132403,8648.720312348933,27255,stations45_drones8_iteration6.plan
720,326,3708,45,8,7,9297.27486962126,9337.266608448246,33375,stations45_drones8_iteration7.plan
846,270,3742,45,8,8,8652.396381868119,8721.100749063364,40571,stations45_drones8_iteration8.plan
803,347,3792,45,8,9,8553.273394432963,8564.000985123732,35233,stations45_drones8_iteration9.plan
798,319,3780,45,8,10,9358.753019405176,9397.082043413104,85525,stations45_drones8_iteration10.plan
714,312,3830,45,9,1,9059.002545130365,9114.83760465425,43779,stations45_drones9_iteration1.plan
724,327,3770,45,9,2,10271.598129641465,10271.681663137055,48892,stations45_drones9_iteration2.plan
648,214,3794,45,9,3,9941.86909213326,9959.13598560924,66478,stations45_drones9_iteration3.plan
909,297,3750,45,9,4,9902.636501469236,9906.776015540758,90936,stations45_drones9_iteration4.plan
943,294,3788,45,9,5,9545.12457529816,9549.335188529754,110507,stations45_drones9_iteration5.plan
596,266,3842,45,9,6,9682.972579022098,9697.00002568766,123922,stations45_drones9_iteration6.plan
694,300,3852,45,9,7,10573.42075346274,10581.615315823388,72026,stations45_drones9_iteration7.plan
701,265,3754,45,9,8,10476.963238688726,10506.419301298783,28945,stations45_drones9_iteration8.plan
836,242,3796,45,9,9,10099.226904144572,10147.984888519952,29565,stations45_drones9_iteration9.plan
706,329,3770,45,9,10,10137.867531166847,10152.074316484039,45311,stations45_drones9_iteration10.plan
741,232,3680,45,10,1,9813.065431176274,9850.468144387256,138510,stations45_drones10_iteration1.plan
735,348,3800,45,10,2,11005.234014299656,11009.459661759312,128794,stations45_drones10_iteration2.plan
777,254,3784,45,10,3,10148.20687871314,10170.413989233602,133580,stations45_drones10_iteration3.plan
758,346,3738,45,10,4,11210.747441994079,11265.11812584348,141381,stations45_drones10_iteration4.plan
795,275,3696,45,10,5,10747.20931279058,10751.596273410374,124993,stations45_drones10_iteration5.plan
658,323,3708,45,10,6,10543.706459034933,10552.510443063582,127506,stations45_drones10_iteration6.plan
786,266,3794,45,10,7,10998.034950398815,11011.593847503013,131043,stations45_drones10_iteration7.plan
619,326,3788,45,10,8,11335.813022484394,11371.797070827211,114637,stations45_drones10_iteration8.plan
845,223,3772,45,10,9,10279.267179233348,10313.06212072502,158998,stations45_drones10_iteration9.plan
718,279,3744,45,10,10,11109.43702988221,11134.004540917154,144496,stations45_drones10_iteration10.plan
46,279,3846,60,1,1,5553.383093452448,5553.385120507184,45426,stations60_drones1_iteration1.plan
563,263,3716,60,1,2,5439.310155218277,5439.310234801865,90129,stations60_drones1_iteration2.plan
337,233,3790,60,1,3,5460.490818314443,5460.507615837408,122215,stations60_drones1_iteration3.plan
990,151,3802,60,1,4,5583.138755569843,5583.140377897286,596631,stations60_drones1_iteration4.plan
762,430,3752,60,1,5,5777.947046733823,5777.9927954293735,533882,stations60_drones1_iteration5.plan
969,403,3772,60,1,6,5761.632614468678,5761.635685416641,531944,stations60_drones1_iteration6.plan
1177,440,3758,60,1,7,5763.1791964667655,5763.182054462621,77923,stations60_drones1_iteration7.plan
1106,241,3772,60,1,8,5979.833214369885,5982.310498095633,117993,stations60_drones1_iteration8.plan
1334,105,3714,60,1,9,5259.604967574642,5259.605879229509,380220,stations60_drones1_iteration9.plan
1474,394,3816,60,1,10,5490.3874074871355,5490.387666442773,58251,stations60_drones1_iteration10.plan
627,503,3728,60,2,1,6699.872643779901,6766.384225261087,402754,stations60_drones2_iteration1.plan
972,146,3730,60,2,2,6107.711408736058,6523.554030353684,396131,stations60_drones2_iteration2.plan
755,227,3802,60,2,3,6379.018302209652,6696.459080244311,389803,stations60_drones2_iteration3.plan
744,368,3774,60,2,4,6375.938153223349,6749.116931823954,351134,stations60_drones2_iteration4.plan
310,340,3714,60,2,5,6289.847005416224,6328.407631030326,53340,stations60_drones2_iteration5.plan
711,123,3770,60,2,6,6504.152247359116,6757.998420224632,43176,stations60_drones2_iteration6.plan
1095,400,3818,60,2,7,6156.691738751812,6366.278393717486,91725,stations60_drones2_iteration7.plan
1034,436,3748,60,2,8,6112.942069399231,6211.595577007363,129954,stations60_drones2_iteration8.plan
1105,462,3804,60,2,9,6615.582159454534,6707.734465605345,181559,stations60_drones2_iteration9.plan
747,411,3802,60,2,10,5735.767762566251,6137.4286192009495,394322,stations60_drones2_iteration10.plan
731,437,3768,60,3,1,6503.493757932435,6687.272191770842,362860,stations60_drones3_iteration1.plan
672,342,3838,60,3,2,6506.561947024084,6711.205731448679,106935,stations60_drones3_iteration2.plan
1015,162,3776,60,3,3,6595.405471529355,6807.666580371553,101400,stations60_drones3_iteration3.plan
1068,350,3648,60,3,4,6628.8941580564115,6718.73727070112,143264,stations60_drones3_iteration4.plan
1010,205,3780,60,3,5,6183.604947600075,6740.161596427234,351371,stations60_drones3_iteration5.plan
961,389,3736,60,3,6,6722.301302083604,6859.970596387355,321156,stations60_drones3_iteration6.plan
848,531,3724,60,3,7,6448.464691639103,6619.794415246258,357223,stations60_drones3_iteration7.plan
609,314,3798,60,3,8,6602.392459582681,6835.051735835482,302404,stations60_drones3_iteration8.plan
995,150,3762,60,3,9,7052.876693009925,7341.8863629225525,283504,stations60_drones3_iteration9.plan
654,379,3730,60,3,10,6428.072997852858,6438.129085368286,301480,stations60_drones3_iteration10.plan
736,116,3838,60,4,1,7335.051101469272,7527.359530980351,286651,stations60_drones4_iteration1.plan
713,258,3744,60,4,2,7276.002264677638,7351.607009529467,285243,stations60_drones4_iteration2.plan
855,303,3772,60,4,3,7628.783944825802,7831.3325806134435,326034,stations60_drones4_iteration3.plan
759,401,3728,60,4,4,7323.399678835155,7408.738645672018,256009,stations60_drones4_iteration4.plan
733,394,3804,60,4,5,7463.239547837962,7582.908207195975,312810,stations60_drones4_iteration5.plan
873,353,3798,60,4,6,7003.329861366745,7315.116055206291,323479,stations60_drones4_iteration6.plan
855,418,3748,60,4,7,6933.244773730104,7044.838481431378,253934,stations60_drones4_iteration7.plan
871,305,3778,60,4,8,6826.371242559471,6934.716655036417,140228,stations60_drones4_iteration8.plan
730,211,3732,60,4,9,7075.384058144036,7178.512410867654,186476,stations60_drones4_iteration9.plan
902,302,3776,60,4,10,7038.337961617822,7236.697872348452,276209,stations60_drones4_iteration10.plan
692,302,3794,60,5,1,7314.30912129717,7556.182603187183,263807,stations60_drones5_iteration1.plan
848,367,3752,60,5,2,7998.540158764947,8162.006364763991,220603,stations60_drones5_iteration2.plan
693,283,3754,60,5,3,7907.162990696854,8128.066918957189,273541,stations60_drones5_iteration3.plan
583,361,3720,60,5,4,8000.876068263851,8065.18101857265,223102,stations60_drones5_iteration4.plan
626,229,3712,60,5,5,7921.9223698681835,8183.637398382785,220519,stations60_drones5_iteration5.plan
751,296,3766,60,5,6,8018.056650348108,8194.980440820134,234206,stations60_drones5_iteration6.plan
685,185,3838,60,5,7,7770.440431554764,7808.8118929782995,28699,stations60_drones5_iteration7.plan
892,266,3804,60,5,8,7623.98200418532,7749.510113178145,24974,stations60_drones5_iteration8.plan
915,389,3790,60,5,9,7766.238703075784,7961.478406281709,28175,stations60_drones5_iteration9.plan
722,260,3738,60,5,10,7395.5598490403345,7564.0765596131305,211098,stations60_drones5_iteration10.plan
632,295,3732,60,6,1,8445.326337437167,8547.07106721705,23274,stations60_drones6_iteration1.plan
787,279,3712,60,6,2,8404.607276157023,8510.191036589367,21110,stations60_drones6_iteration2.plan
628,395,3736,60,6,3,8689.615330798215,8823.734145216113,25079,stations60_drones6_iteration3.plan
711,369,3738,60,6,4,7835.624125993701,8041.696164590721,29307,stations60_drones6_iteration4.plan
700,315,3800,60,6,5,8679.058083345131,8770.956251753365,39838,stations60_drones6_iteration5.plan
801,275,3768,60,6,6,8691.816242287561,8772.284776680239,49833,stations60_drones6_iteration6.plan
590,199,3820,60,6,7,7996.108417062278,8301.206912810003,72052,stations60_drones6_iteration7.plan
744,316,3682,60,6,8,8935.033524749633,9093.172217909812,80595,stations60_drones6_iteration8.plan
792,312,3782,60,6,9,8958.962040153976,8994.355249617889,109660,stations60_drones6_iteration9.plan
683,355,3806,60,6,10,8593.418264993526,8670.719692894283,23370,stations60_drones6_iteration10.plan
783,318,3840,60,7,1,9103.413750361577,9339.355240703739,122403,stations60_drones7_iteration1.plan
822,254,3798,60,7,2,8875.05290813585,9017.755622948336,189654,stations60_drones7_iteration2.plan
640,348,3662,60,7,3,9264.47970712702,9400.922578094263,97842,stations60_drones7_iteration3.plan
754,299,3800,60,7,4,8811.48270214252,8927.916865799281,108975,stations60_drones7_iteration4.plan
759,332,3744,60,7,5,9128.042064792844,9361.724090879816,52866,stations60_drones7_iteration5.plan
667,326,3778,60,7,6,8411.065392940845,8619.112827530487,48002,stations60_drones7_iteration6.plan
849,291,3796,60,7,7,9192.4602670123,9336.846970826962,91559,stations60_drones7_iteration7.plan
797,273,3772,60,7,8,9152.166590980796,9322.097814212832,111803,stations60_drones7_iteration8.plan
664,283,3718,60,7,9,9651.339575727929,9696.522302430989,141077,stations60_drones7_iteration9.plan
838,339,3718,60,7,10,9625.704812906082,9644.433823120335,245313,stations60_drones7_iteration10.plan
691,244,3698,60,8,1,9670.11654090493,9775.653136838686,218205,stations60_drones8_iteration1.plan
629,273,3798,60,8,2,9104.579034595192,9244.783424493067,20718,stations60_drones8_iteration2.plan
773,373,3772,60,8,3,9906.765947964897,10050.676764726237,23876,stations60_drones8_iteration3.plan
883,295,3840,60,8,4,10288.676307349411,10400.389650232592,23314,stations60_drones8_iteration4.plan
991,278,3808,60,8,5,8915.00747548213,9036.23817573061,21862,stations60_drones8_iteration5.plan
826,350,3774,60,8,6,9637.532792899077,9769.723452995286,24198,stations60_drones8_iteration6.plan
762,300,3804,60,8,7,9370.138726486985,9481.425921094935,25481,stations60_drones8_iteration7.plan
777,262,3770,60,8,8,9583.69963838963,9727.571398554686,25948,stations60_drones8_iteration8.plan
925,318,3718,60,8,9,10116.618083707232,10248.858278993417,26011,stations60_drones8_iteration9.plan
806,270,3808,60,8,10,10335.424210052004,10571.357121891877,189437,stations60_drones8_iteration10.plan
647,328,3750,60,9,1,9921.316327921317,10055.03756257224,36769,stations60_drones9_iteration1.plan
914,285,3726,60,9,2,10904.62896418823,10951.926198162842,59632,stations60_drones9_iteration2.plan
774,298,3738,60,9,3,11235.866743068755,11378.610782520469,76650,stations60_drones9_iteration3.plan
869,253,3716,60,9,4,11198.565631726296,11270.166586335745,116230,stations60_drones9_iteration4.plan
749,300,3770,60,9,5,9896.61667746803,9914.91604136122,135920,stations60_drones9_iteration5.plan
776,247,3788,60,9,6,10702.619663061309,10809.6454996324,248779,stations60_drones9_iteration6.plan
540,265,3886,60,9,7,10011.881185348579,10081.664527057137,175997,stations60_drones9_iteration7.plan
565,280,3796,60,9,8,11124.746821625922,11245.659037321477,146187,stations60_drones9_iteration8.plan
832,319,3750,60,9,9,10770.710357985201,10898.540680261978,139305,stations60_drones9_iteration9.plan
696,257,3712,60,9,10,10243.517995838525,10411.812904234099,49033,stations60_drones9_iteration10.plan
855,324,3774,60,10,1,11953.113206931024,12021.597105742208,244917,stations60_drones10_iteration1.plan
620,275,3752,60,10,2,11332.992051739526,11414.113398849293,277902,stations60_drones10_iteration2.plan
898,299,3640,60,10,3,11178.80769351648,11227.345949211754,256096,stations60_drones10_iteration3.plan
772,250,3746,60,10,4,11503.491496962266,11577.143711673914,247883,stations60_drones10_iteration4.plan
798,377,3796,60,10,5,11573.957336188982,11632.574474396011,258328,stations60_drones10_iteration5.plan
659,277,3804,60,10,6,11771.250611205962,11805.058011777854,153205,stations60_drones10_iteration6.plan
984,287,3780,60,10,7,12128.617221992477,12243.474295576834,276818,stations60_drones10_iteration7.plan
893,327,3796,60,10,8,11547.695875637743,11678.709337973794,284266,stations60_drones10_iteration8.plan
677,265,3770,60,10,9,11561.391621172768,11727.617831848154,294077,stations60_drones10_iteration9.plan
779,243,3774,60,10,10,11700.442345769563,11789.45549235716,259106,stations60_drones10_iteration10.plan
984,114,3780,100,1,1,6823.579576315499,6824.542750953319,190356,stations100_drones1_iteration1.plan
1146,339,3812,100,1,2,7157.402114312955,7186.943126560203,214081,stations100_drones1_iteration2.plan
935,490,3734,100,1,3,7405.006668376783,7431.404426595936,236795,stations100_drones1_iteration3.plan
147,138,3782,100,1,4,7178.217916009458,7205.981461992128,211799,stations100_drones1_iteration4.plan
1343,461,3754,100,1,5,6962.378364270097,6967.121329553852,226182,stations100_drones1_iteration5.plan
1071,187,3770,100,1,6,7318.011223303162,7347.7516951423595,224350,stations100_drones1_iteration6.plan
927,148,3694,100,1,7,6695.469947890525,6702.915408272926,208129,stations100_drones1_iteration7.plan
1066,543,3756,100,1,8,6946.833636692427,6969.562303176959,295411,stations100_drones1_iteration8.plan
1314,555,3716,100,1,9,7032.184153265708,7059.453296367801,931903,stations100_drones1_iteration9.plan
1226,345,3774,100,1,10,7035.924437965183,7035.990306143081,204428,stations100_drones1_iteration10.plan
732,497,3790,100,2,1,7917.162207220697,8075.4539846993175,193314,stations100_drones2_iteration1.plan
1322,111,3764,100,2,2,7986.739310506717,8124.531552507177,829352,stations100_drones2_iteration2.plan
1170,128,3828,100,2,3,7778.959425142824,7960.476081481731,886282,stations100_drones2_iteration3.plan
420,438,3746,100,2,4,8126.328839460544,8325.113964289023,925555,stations100_drones2_iteration4.plan
104,198,3712,100,2,5,7765.760257980781,7940.574172503949,155712,stations100_drones2_iteration5.plan
449,190,3736,100,2,6,7967.848142825249,8070.192386519259,175583,stations100_drones2_iteration6.plan
518,164,3708,100,2,7,7896.643357704912,8110.136650747641,155950,stations100_drones2_iteration7.plan
1357,307,3738,100,2,8,7598.711350960693,7789.317437965283,156427,stations100_drones2_iteration8.plan
874,548,3746,100,2,9,7782.454119977652,7965.185330088516,145415,stations100_drones2_iteration9.plan
861,293,3708,100,2,10,7876.417134222811,7959.235719157089,854686,stations100_drones2_iteration10.plan
603,420,3796,100,3,1,8622.658379403783,8928.05285860116,110981,stations100_drones3_iteration1.plan
404,314,3782,100,3,2,9437.411778089347,9751.206817730059,130513,stations100_drones3_iteration2.plan
545,281,3744,100,3,3,8773.141752378842,8824.690526875096,125305,stations100_drones3_iteration3.plan
598,109,3736,100,3,4,9560.432899340569,9970.870654899696,116267,stations100_drones3_iteration4.plan
1161,405,3790,100,3,5,8886.659440394273,9115.106678801803,179144,stations100_drones3_iteration5.plan
1214,197,3812,100,3,6,9342.564688659653,9599.858093108078,788469,stations100_drones3_iteration6.plan
990,363,3708,100,3,7,9411.107177867247,9567.977700974718,119623,stations100_drones3_iteration7.plan
344,396,3804,100,3,8,9332.939515589303,9656.786797213052,124958,stations100_drones3_iteration8.plan
1243,367,3712,100,3,9,8733.858665177408,9106.961708885898,165416,stations100_drones3_iteration9.plan
1004,270,3768,100,3,10,9511.514759131307,9601.823641850962,123264,stations100_drones3_iteration10.plan
776,407,3726,100,4,1,8928.984023907908,9461.673227959454,793730,stations100_drones4_iteration1.plan
745,367,3770,100,4,2,9434.437034557022,10542.392467488977,173037,stations100_drones4_iteration2.plan
686,96,3772,100,4,3,9289.005035086902,9771.678555415288,718777,stations100_drones4_iteration3.plan
691,486,3762,100,4,4,9023.703510051795,9721.207925191135,721999,stations100_drones4_iteration4.plan
984,314,3798,100,4,5,8749.616551624746,9244.008331364063,698720,stations100_drones4_iteration5.plan
500,446,3676,100,4,6,9345.761450382037,10093.265351424607,784028,stations100_drones4_iteration6.plan
856,453,3790,100,4,7,9474.315030346388,10060.562539666662,654190,stations100_drones4_iteration7.plan
1023,200,3718,100,4,8,9067.201642523838,9545.233752696242,708684,stations100_drones4_iteration8.plan
417,376,3782,100,4,9,9217.021015555934,10242.385337322798,696823,stations100_drones4_iteration9.plan
811,232,3748,100,4,10,9703.66678441546,10415.211549567652,681118,stations100_drones4_iteration10.plan
861,259,3796,100,5,1,9589.70275159847,10516.652662518705,133004,stations100_drones5_iteration1.plan
605,366,3746,100,5,2,9081.537374848096,9974.413847281228,118209,stations100_drones5_iteration2.plan
781,286,3776,100,5,3,9443.493173472005,9633.777296000768,119514,stations100_drones5_iteration3.plan
680,400,3806,100,5,4,9265.402934168374,10113.851963106059,109750,stations100_drones5_iteration4.plan
687,211,3784,100,5,5,9370.5602159179,9887.099212752084,146827,stations100_drones5_iteration5.plan
545,206,3758,100,5,6,9064.936104547465,9817.533901180846,120638,stations100_drones5_iteration6.plan
578,383,3808,100,5,7,9168.581526606213,9865.12637565269,113062,stations100_drones5_iteration7.plan
648,321,3774,100,5,8,9781.905044087622,10754.577852077735,114393,stations100_drones5_iteration8.plan
823,372,3768,100,5,9,9158.588289093137,9495.411537286112,134222,stations100_drones5_iteration9.plan
825,255,3784,100,5,10,8901.23560494855,9060.51024458648,122144,stations100_drones5_iteration10.plan
828,224,3764,100,6,1,9094.46484192381,9331.749672325923,125454,stations100_drones6_iteration1.plan
665,315,3792,100,6,2,10037.474921856667,10419.812241698875,830481,stations100_drones6_iteration2.plan
665,344,3762,100,6,3,9946.043750357121,10480.920999212229,687373,stations100_drones6_iteration3.plan
784,306,3754,100,6,4,10064.158898841411,10443.258394342316,687478,stations100_drones6_iteration4.plan
771,414,3726,100,6,5,10076.35198647543,10447.75520251397,106345,stations100_drones6_iteration5.plan
706,254,3740,100,6,6,9312.00069493807,9735.170389221068,106671,stations100_drones6_iteration6.plan
774,180,3732,100,6,7,9573.59664951973,9906.990774397775,107142,stations100_drones6_iteration7.plan
688,343,3730,100,6,8,9766.533698442037,10373.868893914858,128244,stations100_drones6_iteration8.plan
746,272,3814,100,6,9,9910.516080716174,10150.96359813885,110666,stations100_drones6_iteration9.plan
856,189,3742,100,6,10,9918.03469262229,10307.164015740254,143104,stations100_drones6_iteration10.plan
720,300,3800,100,7,1,10482.457090644864,11083.409326476529,137056,stations100_drones7_iteration1.plan
746,245,3710,100,7,2,10244.51491703869,10598.074140905386,743754,stations100_drones7_iteration2.plan
871,328,3746,100,7,3,10319.90087977724,10576.768524928113,710053,stations100_drones7_iteration3.plan
876,394,3688,100,7,4,10513.448662050385,11002.81284011271,808926,stations100_drones7_iteration4.plan
631,265,3800,100,7,5,10789.714259084005,11402.184128075729,760554,stations100_drones7_iteration5.plan
841,306,3798,100,7,6,10122.01725383193,10537.14184182485,118547,stations100_drones7_iteration6.plan
676,392,3798,100,7,7,10318.059483015817,10829.743060859797,118972,stations100_drones7_iteration7.plan
886,361,3694,100,7,8,10313.337416397195,11006.658811708945,130300,stations100_drones7_iteration8.plan
567,265,3710,100,7,9,10532.20252688811,11088.054703691727,118976,stations100_drones7_iteration9.plan
682,295,3814,100,7,10,10644.856494650481,11009.40937353819,188305,stations100_drones7_iteration10.plan
717,240,3740,100,8,1,11608.305110623809,11807.854047264405,123569,stations100_drones8_iteration1.plan
740,248,3774,100,8,2,11698.533652703605,11874.42997253052,110707,stations100_drones8_iteration2.plan
593,331,3850,100,8,3,11503.39981393739,11917.372866374588,119278,stations100_drones8_iteration3.plan
573,304,3708,100,8,4,11356.176603079959,11709.05269590854,113289,stations100_drones8_iteration4.plan
678,260,3802,100,8,5,10659.35088439332,11064.895077814459,104272,stations100_drones8_iteration5.plan
831,264,3780,100,8,6,10869.323074291518,10872.681454644291,135940,stations100_drones8_iteration6.plan
625,243,3692,100,8,7,11120.105210796037,11444.287937212372,101749,stations100_drones8_iteration7.plan
649,296,3758,100,8,8,10865.53323342261,11052.78109168656,107728,stations100_drones8_iteration8.plan
630,263,3788,100,8,9,10976.203852229533,11331.920178450784,121068,stations100_drones8_iteration9.plan
655,418,3702,100,8,10,11086.803375822406,11576.06504642865,117707,stations100_drones8_iteration10.plan
779,326,3730,100,9,1,11660.190899793008,11974.745714422284,167685,stations100_drones9_iteration1.plan
934,239,3728,100,9,2,11415.192244329068,11697.665580990086,216885,stations100_drones9_iteration2.plan
939,289,3708,100,9,3,11907.515220024901,12087.236037660598,685873,stations100_drones9_iteration3.plan
708,361,3768,100,9,4,11415.021615151949,11470.42965664721,223875,stations100_drones9_iteration4.plan
754,231,3792,100,9,5,11604.203389311415,11808.751533197435,691866,stations100_drones9_iteration5.plan
778,441,3796,100,9,6,11802.599820634165,11998.1872634877,203400,stations100_drones9_iteration6.plan
736,265,3712,100,9,7,11305.146964833444,11511.892478595142,733574,stations100_drones9_iteration7.plan
806,321,3762,100,9,8,11724.237403272069,11814.181370904358,685796,stations100_drones9_iteration8.plan
784,296,3774,100,9,9,11457.075101340875,11695.792781408343,794226,stations100_drones9_iteration9.plan
761,180,3754,100,9,10,11888.097543462112,12186.701361031048,748649,stations100_drones9_iteration10.plan
689,314,3688,100,10,1,13032.284098744736,13511.13738262914,189139,stations100_drones10_iteration1.plan
861,277,3700,100,10,2,12140.691190718042,12326.774764737085,100956,stations100_drones10_iteration2.plan
692,259,3752,100,10,3,12933.731176634014,13166.049601321347,110944,stations100_drones10_iteration3.plan
745,321,3754,100,10,4,12897.731076582177,13078.490585994452,104814,stations100_drones10_iteration4.plan
787,265,3850,100,10,5,12205.208059744087,12447.005422618455,118232,stations100_drones10_iteration5.plan
935,314,3702,100,10,6,12576.6346677102,12878.440689313795,107194,stations100_drones10_iteration6.plan
794,301,3712,100,10,7,13369.607105737536,13657.460799307479,116375,stations100_drones10_iteration7.plan
815,338,3814,100,10,8,12916.097916770692,13211.306146200004,164189,stations100_drones10_iteration8.plan
737,289,3752,100,10,9,12311.271069620456,12625.586293022146,730207,stations100_drones10_iteration9.plan
798,339,3744,100,10,10,12343.204169894267,12571.419683838405,684832,stations100_drones10_iteration10.plan
