X,Y,Total Runs,Iteration,Method,Distance,SP Distance,SP Factor,Time,Battery,Launched Drones,Failed Drones,Station Count,Failed Stations,Sensor Count,Failed Sensors,Visited Stations,Read Sensors,Success Factor,ElapsedTicks,Message
765,321,754425,9,350753.984,10770.7,0.0,0.000,0.0,0.0,9,0,60,0,0,0,0,0,0.0,10764344117371,stations60_drones9_iteration9.plan
552,291,787168,8,379332.6522,11124.7,0.0,0.000,0.0,0.0,9,0,60,0,0,0,0,0,0.0,11656555137142,stations60_drones9_iteration8.plan
558,308,731680,7,330535.6208,10011.9,0.0,0.000,0.0,0.0,9,0,60,0,0,0,0,0,0.0,10153040714672,stations60_drones9_iteration7.plan
746,300,732468,6,447291.8889,10702.6,0.0,0.000,0.0,0.0,9,0,60,0,0,0,0,0,0.0,13986528257008,stations60_drones9_iteration6.plan
743,311,694103,5,295924.691,9896.6,0.0,0.000,0.0,0.0,9,0,60,0,0,0,0,0,0.0,9149514938089,stations60_drones9_iteration5.plan
818,284,772568,4,424215.9032,11198.6,0.0,0.000,0.0,0.0,9,0,60,0,0,0,0,0,0.0,13281848962652,stations60_drones9_iteration4.plan
726,310,734385,3,366503.8011,11235.9,0.0,0.000,0.0,0.0,9,0,60,0,0,0,0,0,0.0,11356795998182,stations60_drones9_iteration3.plan
886,219,754290,2,441948.3923,10904.6,0.0,0.000,0.0,0.0,9,0,60,0,0,0,0,0,0.0,13744004519682,stations60_drones9_iteration2.plan
712,281,763800,10,398291.529,10243.5,0.0,0.000,0.0,0.0,9,0,60,0,0,0,0,0,0.0,12435853558067,stations60_drones9_iteration10.plan
646,290,786980,1,387885.9658,9921.3,0.0,0.000,0.0,0.0,9,0,60,0,0,0,0,0,0.0,11982410572525,stations60_drones9_iteration1.plan
851,251,782705,9,405357.9486,10116.6,0.0,0.000,0.0,0.0,8,0,60,0,0,0,0,0,0.0,12581142780256,stations60_drones8_iteration9.plan
766,272,739364,8,352827.8369,9583.7,0.0,0.000,0.0,0.0,8,0,60,0,0,0,0,0,0.0,10836805593252,stations60_drones8_iteration8.plan
787,248,757013,7,371629.925,9370.1,0.0,0.000,0.0,0.0,8,0,60,0,0,0,0,0,0.0,11573045099310,stations60_drones8_iteration7.plan
805,326,751502,6,392611.0596,9637.5,0.0,0.000,0.0,0.0,8,0,60,0,0,0,0,0,0.0,12195154701474,stations60_drones8_iteration6.plan
982,288,704346,5,442345.6973,8915.0,0.0,0.000,0.0,0.0,8,0,60,0,0,0,0,0,0.0,13733366931476,stations60_drones8_iteration5.plan
880,275,761076,4,465652.5797,10288.7,0.0,0.000,0.0,0.0,8,0,60,0,0,0,0,0,0.0,14566506524964,stations60_drones8_iteration4.plan
707,296,749175,3,365235.0848,9906.8,0.0,0.000,0.0,0.0,8,0,60,0,0,0,0,0,0.0,11336285030432,stations60_drones8_iteration3.plan
733,352,728135,2,344395.1166,9104.6,0.0,0.000,0.0,0.0,8,0,60,0,0,0,0,0,0.0,10762247190746,stations60_drones8_iteration2.plan
800,180,760950,10,386269.9298,10335.4,0.0,0.000,0.0,0.0,8,0,60,0,0,0,0,0,0.0,11938733006988,stations60_drones8_iteration10.plan
721,345,760105,1,408431.2107,9670.1,0.0,0.000,0.0,0.0,8,0,60,0,0,0,0,0,0.0,12752868761805,stations60_drones8_iteration1.plan
632,321,782409,9,443493.0249,9651.3,0.0,0.000,0.0,0.0,7,0,60,0,0,0,0,0,0.0,13773070557544,stations60_drones7_iteration9.plan
718,213,777410,8,385764.346,9152.2,0.0,0.000,0.0,0.0,7,0,60,0,0,0,0,0,0.0,12003555281860,stations60_drones7_iteration8.plan
787,356,785094,7,395111.7693,9192.5,0.0,0.000,0.0,0.0,7,0,60,0,0,0,0,0,0.0,12203183104766,stations60_drones7_iteration7.plan
725,275,690250,6,347299.3848,8411.1,0.0,0.000,0.0,0.0,7,0,60,0,0,0,0,0,0.0,10768334180036,stations60_drones7_iteration6.plan
807,247,747504,5,411468.6544,9128.0,0.0,0.000,0.0,0.0,7,0,60,0,0,0,0,0,0.0,12729191192156,stations60_drones7_iteration5.plan
682,294,711030,4,415414.1444,8811.5,0.0,0.000,0.0,0.0,7,0,60,0,0,0,0,0,0.0,12830452474324,stations60_drones7_iteration4.plan
654,337,708152,3,428183.0503,9264.5,0.0,0.000,0.0,0.0,7,0,60,0,0,0,0,0,0.0,13274146081502,stations60_drones7_iteration3.plan
820,273,725152,2,412225.0047,8875.1,0.0,0.000,0.0,0.0,7,0,60,0,0,0,0,0,0.0,12813850588630,stations60_drones7_iteration2.plan
842,313,788940,10,451863.7046,9625.7,0.0,0.000,0.0,0.0,7,0,60,0,0,0,0,0,0.0,14038860502752,stations60_drones7_iteration10.plan
971,292,726616,1,360829.5743,9103.4,0.0,0.000,0.0,0.0,7,0,60,0,0,0,0,0,0.0,11271771851493,stations60_drones7_iteration1.plan
793,288,791340,9,399674.0512,8959.0,0.0,0.000,0.0,0.0,6,0,60,0,0,0,0,0,0.0,12335202120228,stations60_drones6_iteration9.plan
726,392,743931,8,457040.5212,8935.0,0.0,0.000,0.0,0.0,6,0,60,0,0,0,0,0,0.0,14239082160287,stations60_drones6_iteration8.plan
620,314,740340,7,388355.4061,7996.1,0.0,0.000,0.0,0.0,6,0,60,0,0,0,0,0,0.0,11798168485713,stations60_drones6_iteration7.plan
771,307,781745,6,480745.6711,8691.8,0.0,0.000,0.0,0.0,6,0,60,0,0,0,0,0,0.0,14930045446940,stations60_drones6_iteration6.plan
677,297,767016,5,396338.3175,8679.1,0.0,0.000,0.0,0.0,6,0,60,0,0,0,0,0,0.0,12310324170392,stations60_drones6_iteration5.plan
639,356,758482,4,380225.37,7835.6,0.0,0.000,0.0,0.0,6,0,60,0,0,0,0,0,0.0,11660733228163,stations60_drones6_iteration4.plan
702,342,778038,3,397797.1575,8689.6,0.0,0.000,0.0,0.0,6,0,60,0,0,0,0,0,0.0,12321082629032,stations60_drones6_iteration3.plan
883,341,741658,2,412695.4698,8404.6,0.0,0.000,0.0,0.0,6,0,60,0,0,0,0,0,0.0,12674948116592,stations60_drones6_iteration2.plan
676,356,742660,10,373472.8992,8593.4,0.0,0.000,0.0,0.0,6,0,60,0,0,0,0,0,0.0,11573737871425,stations60_drones6_iteration10.plan
610,327,740664,1,456080.419,8445.3,0.0,0.000,0.0,0.0,6,0,60,0,0,0,0,0,0.0,14065331236869,stations60_drones6_iteration1.plan
779,278,787712,9,487665.4212,7766.2,0.0,0.000,0.0,0.0,5,0,60,0,0,0,0,0,0.0,15150774704845,stations60_drones5_iteration9.plan
793,295,771669,8,455361.0406,7624.0,0.0,0.000,0.0,0.0,5,0,60,0,0,0,0,0,0.0,14118941667296,stations60_drones5_iteration8.plan
701,215,759525,7,479365.8709,7770.4,0.0,0.000,0.0,0.0,5,0,60,0,0,0,0,0,0.0,14785141289220,stations60_drones5_iteration7.plan
747,241,778960,6,420592.5927,8018.1,0.0,0.000,0.0,0.0,5,0,60,0,0,0,0,0,0.0,13149802739579,stations60_drones5_iteration6.plan
773,183,779344,5,416103.8097,7921.9,0.0,0.000,0.0,0.0,5,0,60,0,0,0,0,0,0.0,12954716271495,stations60_drones5_iteration5.plan
602,376,735690,4,363584.8904,8000.9,0.0,0.000,0.0,0.0,5,0,60,0,0,0,0,0,0.0,11094647722696,stations60_drones5_iteration4.plan
800,234,714500,3,385693.5089,7907.2,0.0,0.000,0.0,0.0,5,0,60,0,0,0,0,0,0.0,11820465731688,stations60_drones5_iteration3.plan
774,351,754728,2,430675.9859,7998.5,0.0,0.000,0.0,0.0,5,0,60,0,0,0,0,0,0.0,13428513012591,stations60_drones5_iteration2.plan
731,280,762372,10,407872.8466,7395.6,0.0,0.000,0.0,0.0,5,0,60,0,0,0,0,0,0.0,12459491388647,stations60_drones5_iteration10.plan
744,346,668991,1,376050.3586,7314.3,0.0,0.000,0.0,0.0,5,0,60,0,0,0,0,0,0.0,11770915073334,stations60_drones5_iteration1.plan
750,214,757025,9,547227.2122,7075.4,0.0,0.000,0.0,0.0,4,0,60,0,0,0,0,0,0.0,17284199813475,stations60_drones4_iteration9.plan
854,334,671670,8,457548.1651,6826.4,0.0,0.000,0.0,0.0,4,0,60,0,0,0,0,0,0.0,14286414116441,stations60_drones4_iteration8.plan
866,412,784557,7,551961.8477,6933.2,0.0,0.000,0.0,0.0,4,0,60,0,0,0,0,0,0.0,17308190746512,stations60_drones4_iteration7.plan
763,295,750816,6,518057.1421,7003.3,0.0,0.000,0.0,0.0,4,0,60,0,0,0,0,0,0.0,16248443462490,stations60_drones4_iteration6.plan
677,342,776876,5,542178.5806,7463.2,0.0,0.000,0.0,0.0,4,0,60,0,0,0,0,0,0.0,16944193081434,stations60_drones4_iteration5.plan
849,368,782790,4,513974.4914,7323.4,0.0,0.000,0.0,0.0,4,0,60,0,0,0,0,0,0.0,16082662463540,stations60_drones4_iteration4.plan
858,291,762569,3,514402.0544,7628.8,0.0,0.000,0.0,0.0,4,0,60,0,0,0,0,0,0.0,16127143092543,stations60_drones4_iteration3.plan
738,292,792780,2,538074.2317,7276.0,0.0,0.000,0.0,0.0,4,0,60,0,0,0,0,0,0.0,16807268892453,stations60_drones4_iteration2.plan
789,308,716308,10,494178.4154,7038.3,0.0,0.000,0.0,0.0,4,0,60,0,0,0,0,0,0.0,15395225246159,stations60_drones4_iteration10.plan
675,215,790608,1,556483.9291,7335.1,0.0,0.000,0.0,0.0,4,0,60,0,0,0,0,0,0.0,17593117361092,stations60_drones4_iteration1.plan
901,114,785915,9,643497.262,7052.9,0.0,0.000,0.0,0.0,3,0,60,0,0,0,0,0,0.0,19719413468112,stations60_drones3_iteration9.plan
740,351,763980,8,635664.0493,6602.4,0.0,0.000,0.0,0.0,3,0,60,0,0,0,0,0,0.0,20035408231273,stations60_drones3_iteration8.plan
806,326,742045,7,627322.6349,6448.5,0.0,0.000,0.0,0.0,3,0,60,0,0,0,0,0,0.0,19861180363161,stations60_drones3_iteration7.plan
831,189,769650,6,669608.0042,6722.3,0.0,0.000,0.0,0.0,3,0,60,0,0,0,0,0,0.0,21254265525132,stations60_drones3_iteration6.plan
799,358,704965,5,606256.6574,6183.6,0.0,0.000,0.0,0.0,3,0,60,0,0,0,0,0,0.0,19106316733074,stations60_drones3_iteration5.plan
969,434,754551,4,646640.5134,6628.9,0.0,0.000,0.0,0.0,3,0,60,0,0,0,0,0,0.0,20365475604873,stations60_drones3_iteration4.plan
784,163,773280,3,650570.4041,6595.4,0.0,0.000,0.0,0.0,3,0,60,0,0,0,0,0,0.0,20454767064236,stations60_drones3_iteration3.plan
897,264,788557,2,691771.0058,6506.6,0.0,0.000,0.0,0.0,3,0,60,0,0,0,0,0,0.0,21646084415523,stations60_drones3_iteration2.plan
793,218,757206,10,653011.5539,6428.1,0.0,0.000,0.0,0.0,3,0,60,0,0,0,0,0,0.0,20617141260271,stations60_drones3_iteration10.plan
758,450,759276,1,640573.7854,6503.5,0.0,0.000,0.0,0.0,3,0,60,0,0,0,0,0,0.0,20148322594117,stations60_drones3_iteration1.plan
1092,412,773682,9,1271711.5878,6615.6,0.0,0.000,0.0,0.0,2,0,60,0,0,0,0,0,0.0,39655301087272,stations60_drones2_iteration9.plan
579,381,742400,8,1309817.3035,6112.9,0.0,0.000,0.0,0.0,2,0,60,0,0,0,0,0,0.0,41312780749909,stations60_drones2_iteration8.plan
587,555,752238,7,1274551.9557,6156.7,0.0,0.000,0.0,0.0,2,0,60,0,0,0,0,0,0.0,40152306185846,stations60_drones2_iteration7.plan
293,138,740975,6,1191336.2492,6504.2,0.0,0.000,0.0,0.0,2,0,60,0,0,0,0,0,0.0,37453549953029,stations60_drones2_iteration6.plan
377,308,736320,5,1290579.2306,6289.8,0.0,0.000,0.0,0.0,2,0,60,0,0,0,0,0,0.0,40504788640241,stations60_drones2_iteration5.plan
719,137,798210,4,1301376.4751,6375.9,0.0,0.000,0.0,0.0,2,0,60,0,0,0,0,0,0.0,40907908195422,stations60_drones2_iteration4.plan
794,113,733700,3,1231051.9765,6379.0,0.0,0.000,0.0,0.0,2,0,60,0,0,0,0,0,0.0,38697643794376,stations60_drones2_iteration3.plan
777,343,745284,2,1314504.7505,6107.7,0.0,0.000,0.0,0.0,2,0,60,0,0,0,0,0,0.0,41263153394144,stations60_drones2_iteration2.plan
748,401,705474,10,1216040.5805,5735.8,0.0,0.000,0.0,0.0,2,0,60,0,0,0,0,0,0.0,38145679536543,stations60_drones2_iteration10.plan
899,556,788436,1,1317345.3276,6699.9,0.0,0.000,0.0,0.0,2,0,60,0,0,0,0,0,0.0,41634792743002,stations60_drones2_iteration1.plan
727,286,716832,9,393490.8128,11561.4,0.0,0.000,0.0,0.0,10,0,60,0,0,0,0,0,0.0,12368011117035,stations60_drones10_iteration9.plan
873,370,781920,8,404918.5139,11547.7,0.0,0.000,0.0,0.0,10,0,60,0,0,0,0,0,0.0,12705220119876,stations60_drones10_iteration8.plan
970,278,755337,7,437062.396,12128.6,0.0,0.000,0.0,0.0,10,0,60,0,0,0,0,0,0.0,13751275701521,stations60_drones10_iteration7.plan
651,292,760578,6,394024.7369,11771.3,0.0,0.000,0.0,0.0,10,0,60,0,0,0,0,0,0.0,12208473030887,stations60_drones10_iteration6.plan
825,368,777504,5,430831.3633,11574.0,0.0,0.000,0.0,0.0,10,0,60,0,0,0,0,0,0.0,13555093139541,stations60_drones10_iteration5.plan
697,316,753480,4,454569.3562,11503.5,0.0,0.000,0.0,0.0,10,0,60,0,0,0,0,0,0.0,14286670789603,stations60_drones10_iteration4.plan
924,275,746982,3,451337.1819,11178.8,0.0,0.000,0.0,0.0,10,0,60,0,0,0,0,0,0.0,14212565279382,stations60_drones10_iteration3.plan
682,298,757170,2,403123.9899,11333.0,0.0,0.000,0.0,0.0,10,0,60,0,0,0,0,0,0.0,12660279463291,stations60_drones10_iteration2.plan
790,300,772164,10,401702.8303,11700.4,0.0,0.000,0.0,0.0,10,0,60,0,0,0,0,0,0.0,12609500815580,stations60_drones10_iteration10.plan
864,317,731476,1,297208.5303,11953.1,0.0,0.000,0.0,0.0,10,0,60,0,0,0,0,0,0.0,9241726475326,stations60_drones10_iteration1.plan
1091,273,757170,9,3022765.9208,5259.6,0.0,0.000,0.0,0.0,1,0,60,0,0,0,0,0,0.0,94019780341557,stations60_drones1_iteration9.plan
1409,393,779640,8,3040367.5006,5979.8,0.0,0.000,0.0,0.0,1,0,60,0,0,0,0,0,0.0,95039881474301,stations60_drones1_iteration8.plan
1196,112,749394,7,2842313.6925,5763.2,0.0,0.000,0.0,0.0,1,0,60,0,0,0,0,0,0.0,88379202049005,stations60_drones1_iteration7.plan
1007,94,762642,6,3115518.9312,5761.6,0.0,0.000,0.0,0.0,1,0,60,0,0,0,0,0,0.0,96502574500728,stations60_drones1_iteration6.plan
1332,121,781550,5,3145254.3908,5777.9,0.0,0.000,0.0,0.0,1,0,60,0,0,0,0,0,0.0,98523479258157,stations60_drones1_iteration5.plan
1034,548,730800,4,3061004.8312,5583.1,0.0,0.000,0.0,0.0,1,0,60,0,0,0,0,0,0.0,95244803226321,stations60_drones1_iteration4.plan
338,233,719610,3,2648369.5263,5460.5,0.0,0.000,0.0,0.0,1,0,60,0,0,0,0,0,0.0,82874381595208,stations60_drones1_iteration3.plan
1355,345,760923,2,2878559.0904,5439.3,0.0,0.000,0.0,0.0,1,0,60,0,0,0,0,0,0.0,90049692962723,stations60_drones1_iteration2.plan
1145,47,774360,10,2877047.1066,5490.4,0.0,0.000,0.0,0.0,1,0,60,0,0,0,0,0,0.0,89508963861097,stations60_drones1_iteration10.plan
1466,455,777039,1,2828754.5933,5553.4,0.0,0.000,0.0,0.0,1,0,60,0,0,0,0,0,0.0,88848183356384,stations60_drones1_iteration1.plan
962,290,224679,9,3800.9766,2831.7,0.0,0.000,0.0,0.0,9,0,5,0,0,0,0,0,0.0,113326198727,stations5_drones9_iteration9.plan
1052,288,385900,8,6086.8541,2964.2,0.0,0.000,0.0,0.0,9,0,5,0,0,0,0,0,0.0,181760258418,stations5_drones9_iteration8.plan
656,168,384319,7,6101.9923,3909.5,0.0,0.000,0.0,0.0,9,0,5,0,0,0,0,0,0.0,182707452557,stations5_drones9_iteration7.plan
608,416,476835,6,7856.0669,4071.5,0.0,0.000,0.0,0.0,9,0,5,0,0,0,0,0,0.0,233384995792,stations5_drones9_iteration6.plan
500,401,252926,5,4040.3657,3292.2,0.0,0.000,0.0,0.0,9,0,5,0,0,0,0,0,0.0,119712265567,stations5_drones9_iteration5.plan
752,187,446760,4,7297.3065,3648.5,0.0,0.000,0.0,0.0,9,0,5,0,0,0,0,0,0.0,218842567797,stations5_drones9_iteration4.plan
387,352,380103,3,6414.7569,3120.4,0.0,0.000,0.0,0.0,9,0,5,0,0,0,0,0,0.0,192569110390,stations5_drones9_iteration3.plan
1018,307,403191,2,6637.7556,3539.5,0.0,0.000,0.0,0.0,9,0,5,0,0,0,0,0,0.0,199247067253,stations5_drones9_iteration2.plan
643,336,101952,10,1905.4664,1355.6,0.0,0.000,0.0,0.0,9,0,5,0,0,0,0,0,0.0,56056010914,stations5_drones9_iteration10.plan
1090,257,217056,1,3638.1843,1855.4,0.0,0.000,0.0,0.0,9,0,5,0,0,0,0,0,0.0,108513159414,stations5_drones9_iteration1.plan
840,255,227715,9,3137.6051,2816.0,0.0,0.000,0.0,0.0,8,0,5,0,0,0,0,0,0.0,92836991957,stations5_drones8_iteration9.plan
686,311,62280,8,769.2189,2601.0,0.0,0.000,0.0,0.0,8,0,5,0,0,0,0,0,0.0,21597488835,stations5_drones8_iteration8.plan
614,326,444928,7,5048.5694,3342.1,0.0,0.000,0.0,0.0,8,0,5,0,0,0,0,0,0.0,148360266700,stations5_drones8_iteration7.plan
313,421,362112,6,4280.4017,3592.8,0.0,0.000,0.0,0.0,8,0,5,0,0,0,0,0,0.0,126808924102,stations5_drones8_iteration6.plan
640,484,87205,5,972.2702,1594.4,0.0,0.000,0.0,0.0,8,0,5,0,0,0,0,0,0.0,28830383567,stations5_drones8_iteration5.plan
674,363,477546,4,6461.1621,3305.7,0.0,0.000,0.0,0.0,8,0,5,0,0,0,0,0,0.0,190032263874,stations5_drones8_iteration4.plan
834,380,306230,3,4238.9116,4158.6,0.0,0.000,0.0,0.0,8,0,5,0,0,0,0,0,0.0,125922039513,stations5_drones8_iteration3.plan
187,475,606575,2,7553.7462,4914.3,0.0,0.000,0.0,0.0,8,0,5,0,0,0,0,0,0.0,226855511870,stations5_drones8_iteration2.plan
871,307,267246,10,3016.1165,3302.8,0.0,0.000,0.0,0.0,8,0,5,0,0,0,0,0,0.0,88125132434,stations5_drones8_iteration10.plan
1051,379,477609,1,5595.1626,3563.4,0.0,0.000,0.0,0.0,8,0,5,0,0,0,0,0,0.0,162596301439,stations5_drones8_iteration1.plan
993,398,364856,9,3545.8953,2835.4,0.0,0.000,0.0,0.0,7,0,5,0,0,0,0,0,0.0,103793547600,stations5_drones7_iteration9.plan
548,441,285928,8,2855.1116,2499.8,0.0,0.000,0.0,0.0,7,0,5,0,0,0,0,0,0.0,83982494981,stations5_drones7_iteration8.plan
1296,208,143640,7,1498.8094,1767.1,0.0,0.000,0.0,0.0,7,0,5,0,0,0,0,0,0.0,44442990137,stations5_drones7_iteration7.plan
972,189,328042,6,3190.071,3986.4,0.0,0.000,0.0,0.0,7,0,5,0,0,0,0,0,0.0,92891033738,stations5_drones7_iteration6.plan
131,35,255783,5,2443.0943,3976.0,0.0,0.000,0.0,0.0,7,0,5,0,0,0,0,0,0.0,71195399150,stations5_drones7_iteration5.plan
382,341,60256,4,666.8616,957.4,0.0,0.000,0.0,0.0,7,0,5,0,0,0,0,0,0.0,19349624527,stations5_drones7_iteration4.plan
1116,314,381186,3,3610.6893,3040.8,0.0,0.000,0.0,0.0,7,0,5,0,0,0,0,0,0.0,107378564799,stations5_drones7_iteration3.plan
624,190,525132,2,4796.2055,3666.6,0.0,0.000,0.0,0.0,7,0,5,0,0,0,0,0,0.0,137934539212,stations5_drones7_iteration2.plan
596,163,215496,10,2113.834,2363.8,0.0,0.000,0.0,0.0,7,0,5,0,0,0,0,0,0.0,62485755883,stations5_drones7_iteration10.plan
1009,368,317625,1,3096.7154,3086.5,0.0,0.000,0.0,0.0,7,0,5,0,0,0,0,0,0.0,90705612437,stations5_drones7_iteration1.plan
314,354,235672,9,1629.3846,2339.8,0.0,0.000,0.0,0.0,6,0,5,0,0,0,0,0,0.0,48487314471,stations5_drones6_iteration9.plan
615,365,288517,8,1904.8743,4342.0,0.0,0.000,0.0,0.0,6,0,5,0,0,0,0,0,0.0,55123224863,stations5_drones6_iteration8.plan
704,400,363776,7,2433.7655,4369.4,0.0,0.000,0.0,0.0,6,0,5,0,0,0,0,0,0.0,70534162224,stations5_drones6_iteration7.plan
600,265,600384,6,4877.4038,3848.7,0.0,0.000,0.0,0.0,6,0,5,0,0,0,0,0,0.0,146932636148,stations5_drones6_iteration6.plan
1087,228,131688,5,894.4295,1737.2,0.0,0.000,0.0,0.0,6,0,5,0,0,0,0,0,0.0,26424465601,stations5_drones6_iteration5.plan
552,231,375648,4,2570.3575,4140.6,0.0,0.000,0.0,0.0,6,0,5,0,0,0,0,0,0.0,75554610907,stations5_drones6_iteration4.plan
573,219,596834,3,4008.7535,3736.5,0.0,0.000,0.0,0.0,6,0,5,0,0,0,0,0,0.0,116978070181,stations5_drones6_iteration3.plan
1218,346,323760,2,2882.3459,4035.9,0.0,0.000,0.0,0.0,6,0,5,0,0,0,0,0,0.0,83415287610,stations5_drones6_iteration2.plan
486,439,133056,10,1008.1212,1654.9,0.0,0.000,0.0,0.0,6,0,5,0,0,0,0,0,0.0,28022767351,stations5_drones6_iteration10.plan
704,343,194976,1,1321.1271,2380.7,0.0,0.000,0.0,0.0,6,0,5,0,0,0,0,0,0.0,38392480021,stations5_drones6_iteration1.plan
549,437,392652,9,1707.5861,3172.8,0.0,0.000,0.0,0.0,5,0,5,0,0,0,0,0,0.0,49259309615,stations5_drones5_iteration9.plan
535,338,655102,8,3667.9488,3852.1,0.0,0.000,0.0,0.0,5,0,5,0,0,0,0,0,0.0,105298711450,stations5_drones5_iteration8.plan
592,287,307850,7,1851.1616,2533.7,0.0,0.000,0.0,0.0,5,0,5,0,0,0,0,0,0.0,52730383831,stations5_drones5_iteration7.plan
662,312,421400,6,2736.8426,4293.7,0.0,0.000,0.0,0.0,5,0,5,0,0,0,0,0,0.0,80692640925,stations5_drones5_iteration6.plan
542,202,352796,5,2164.936,3298.1,0.0,0.000,0.0,0.0,5,0,5,0,0,0,0,0,0.0,61453406853,stations5_drones5_iteration5.plan
984,183,429345,4,2586.1063,3474.4,0.0,0.000,0.0,0.0,5,0,5,0,0,0,0,0,0.0,74220378162,stations5_drones5_iteration4.plan
1291,169,110758,3,660.3859,2043.6,0.0,0.000,0.0,0.0,5,0,5,0,0,0,0,0,0.0,18763288930,stations5_drones5_iteration3.plan
451,297,322995,2,1535.6979,2940.9,0.0,0.000,0.0,0.0,5,0,5,0,0,0,0,0,0.0,44724057288,stations5_drones5_iteration2.plan
536,344,368524,10,1614.2752,3133.1,0.0,0.000,0.0,0.0,5,0,5,0,0,0,0,0,0.0,46104666423,stations5_drones5_iteration10.plan
1176,357,620052,1,2736.5969,4852.7,0.0,0.000,0.0,0.0,5,0,5,0,0,0,0,0,0.0,78893059697,stations5_drones5_iteration1.plan
446,472,252852,9,1442.3722,2375.0,0.0,0.000,0.0,0.0,4,0,5,0,0,0,0,0,0.0,41133935111,stations5_drones4_iteration9.plan
870,76,299488,8,1194.8883,2144.5,0.0,0.000,0.0,0.0,4,0,5,0,0,0,0,0,0.0,34001442414,stations5_drones4_iteration8.plan
946,383,481086,7,2113.2808,3053.8,0.0,0.000,0.0,0.0,4,0,5,0,0,0,0,0,0.0,62302750597,stations5_drones4_iteration7.plan
735,157,451360,6,1799.0458,2300.3,0.0,0.000,0.0,0.0,4,0,5,0,0,0,0,0,0.0,52506168084,stations5_drones4_iteration6.plan
805,344,326120,5,1963.348,2432.5,0.0,0.000,0.0,0.0,4,0,5,0,0,0,0,0,0.0,54469667407,stations5_drones4_iteration5.plan
577,148,351728,4,1929.6568,2364.9,0.0,0.000,0.0,0.0,4,0,5,0,0,0,0,0,0.0,55114932758,stations5_drones4_iteration4.plan
1296,294,479115,3,2285.9807,2966.3,0.0,0.000,0.0,0.0,4,0,5,0,0,0,0,0,0.0,64821202990,stations5_drones4_iteration3.plan
1105,170,494802,2,2072.8168,2353.1,0.0,0.000,0.0,0.0,4,0,5,0,0,0,0,0,0.0,59925858258,stations5_drones4_iteration2.plan
930,384,296840,10,1236.4617,2218.7,0.0,0.000,0.0,0.0,4,0,5,0,0,0,0,0,0.0,35397117958,stations5_drones4_iteration10.plan
848,174,183225,1,1124.8871,2238.7,0.0,0.000,0.0,0.0,4,0,5,0,0,0,0,0,0.0,30376397705,stations5_drones4_iteration1.plan
1262,208,403560,9,1411.7095,2899.6,0.0,0.000,0.0,0.0,3,0,5,0,0,0,0,0,0.0,39501347927,stations5_drones3_iteration9.plan
832,422,556784,8,2017.735,3154.7,0.0,0.000,0.0,0.0,3,0,5,0,0,0,0,0,0.0,55718953831,stations5_drones3_iteration8.plan
974,113,324316,7,1307.9735,2194.5,0.0,0.000,0.0,0.0,3,0,5,0,0,0,0,0,0.0,31587204138,stations5_drones3_iteration7.plan
1003,221,453080,6,1646.8106,2564.3,0.0,0.000,0.0,0.0,3,0,5,0,0,0,0,0,0.0,43246054795,stations5_drones3_iteration6.plan
780,235,232000,5,1046.1838,1743.9,0.0,0.000,0.0,0.0,3,0,5,0,0,0,0,0,0.0,29290848953,stations5_drones3_iteration5.plan
980,494,516705,4,2107.8714,3224.4,0.0,0.000,0.0,0.0,3,0,5,0,0,0,0,0,0.0,59216096571,stations5_drones3_iteration4.plan
677,514,532356,3,2112.9298,2935.8,0.0,0.000,0.0,0.0,3,0,5,0,0,0,0,0,0.0,56620357939,stations5_drones3_iteration3.plan
909,272,637672,2,2374.7302,3309.1,0.0,0.000,0.0,0.0,3,0,5,0,0,0,0,0,0.0,65463554187,stations5_drones3_iteration2.plan
1030,436,481972,10,2025.3964,3066.2,0.0,0.000,0.0,0.0,3,0,5,0,0,0,0,0,0.0,57215135569,stations5_drones3_iteration10.plan
1106,237,362091,1,1227.1443,2364.3,0.0,0.000,0.0,0.0,3,0,5,0,0,0,0,0,0.0,33888346649,stations5_drones3_iteration1.plan
787,257,302157,9,1025.0708,1898.4,0.0,0.000,0.0,0.0,2,0,5,0,0,0,0,0,0.0,27118746135,stations5_drones2_iteration9.plan
328,239,351520,8,1162.9381,2885.5,0.0,0.000,0.0,0.0,2,0,5,0,0,0,0,0,0.0,31070594317,stations5_drones2_iteration8.plan
773,321,306900,7,1277.003,2228.8,0.0,0.000,0.0,0.0,2,0,5,0,0,0,0,0,0.0,32320095785,stations5_drones2_iteration7.plan
661,322,306837,6,1087.1667,2163.7,0.0,0.000,0.0,0.0,2,0,5,0,0,0,0,0,0.0,29952917637,stations5_drones2_iteration6.plan
593,175,171000,5,607.4382,2030.7,0.0,0.000,0.0,0.0,2,0,5,0,0,0,0,0,0.0,15921136411,stations5_drones2_iteration5.plan
644,512,412775,4,1327.9431,2272.3,0.0,0.000,0.0,0.0,2,0,5,0,0,0,0,0,0.0,36119726503,stations5_drones2_iteration4.plan
825,476,98000,3,322.0066,1537.9,0.0,0.000,0.0,0.0,2,0,5,0,0,0,0,0,0.0,8584506995,stations5_drones2_iteration3.plan
334,458,486948,2,1768.6574,2987.9,0.0,0.000,0.0,0.0,2,0,5,0,0,0,0,0,0.0,46338898550,stations5_drones2_iteration2.plan
987,550,267600,10,803.1748,1928.5,0.0,0.000,0.0,0.0,2,0,5,0,0,0,0,0,0.0,21376835192,stations5_drones2_iteration10.plan
800,346,371833,1,1367.4347,2305.7,0.0,0.000,0.0,0.0,2,0,5,0,0,0,0,0,0.0,38342366730,stations5_drones2_iteration1.plan
538,343,273273,9,5915.8546,3357.1,0.0,0.000,0.0,0.0,10,0,5,0,0,0,0,0,0.0,176888812913,stations5_drones10_iteration9.plan
914,387,302610,8,6756.3531,3610.9,0.0,0.000,0.0,0.0,10,0,5,0,0,0,0,0,0.0,201569436808,stations5_drones10_iteration8.plan
524,149,256960,7,5959.6118,2896.1,0.0,0.000,0.0,0.0,10,0,5,0,0,0,0,0,0.0,178024285254,stations5_drones10_iteration7.plan
737,204,348248,6,7685.2059,3094.7,0.0,0.000,0.0,0.0,10,0,5,0,0,0,0,0,0.0,229485986835,stations5_drones10_iteration6.plan
786,237,227160,5,4746.4028,2357.3,0.0,0.000,0.0,0.0,10,0,5,0,0,0,0,0,0.0,141586783633,stations5_drones10_iteration5.plan
939,346,468270,4,10089.853,3600.5,0.0,0.000,0.0,0.0,10,0,5,0,0,0,0,0,0.0,299909220495,stations5_drones10_iteration4.plan
1015,291,401421,3,8764.2168,3869.9,0.0,0.000,0.0,0.0,10,0,5,0,0,0,0,0,0.0,263125992766,stations5_drones10_iteration3.plan
1209,378,645905,2,13800.578,3838.1,0.0,0.000,0.0,0.0,10,0,5,0,0,0,0,0,0.0,415867456871,stations5_drones10_iteration2.plan
632,535,230160,10,5091.935,4188.8,0.0,0.000,0.0,0.0,10,0,5,0,0,0,0,0,0.0,152928893359,stations5_drones10_iteration10.plan
468,361,479164,1,10446.4346,3505.0,0.0,0.000,0.0,0.0,10,0,5,0,0,0,0,0,0.0,313734951265,stations5_drones10_iteration1.plan
941,73,367696,9,1550.7436,1979.2,0.0,0.000,0.0,0.0,1,0,5,0,0,0,0,0,0.0,43151787157,stations5_drones1_iteration9.plan
1173,188,459000,8,1931.6556,2227.6,0.0,0.000,0.0,0.0,1,0,5,0,0,0,0,0,0.0,52284810340,stations5_drones1_iteration8.plan
813,172,133025,7,790.0623,1205.1,0.0,0.000,0.0,0.0,1,0,5,0,0,0,0,0,0.0,22068740780,stations5_drones1_iteration7.plan
927,277,487162,6,2240.136,2572.8,0.0,0.000,0.0,0.0,1,0,5,0,0,0,0,0,0.0,64211358388,stations5_drones1_iteration6.plan
517,196,64000,5,300.4652,1063.8,0.0,0.000,0.0,0.0,1,0,5,0,0,0,0,0,0.0,8391236025,stations5_drones1_iteration5.plan
901,504,575976,4,2646.3963,2842.1,0.0,0.000,0.0,0.0,1,0,5,0,0,0,0,0,0.0,74833226391,stations5_drones1_iteration4.plan
1020,396,319176,3,1841.9731,1894.9,0.0,0.000,0.0,0.0,1,0,5,0,0,0,0,0,0.0,54411412181,stations5_drones1_iteration3.plan
278,342,448742,2,2328.608,2223.6,0.0,0.000,0.0,0.0,1,0,5,0,0,0,0,0,0.0,65774935654,stations5_drones1_iteration2.plan
398,125,470940,10,2299.3752,2326.6,0.0,0.000,0.0,0.0,1,0,5,0,0,0,0,0,0.0,63025261506,stations5_drones1_iteration10.plan
1352,417,521397,1,2382.0758,2576.1,0.0,0.000,0.0,0.0,1,0,5,0,0,0,0,0,0.0,67586100673,stations5_drones1_iteration1.plan
795,274,748498,9,119755.6462,10099.2,0.0,0.000,0.0,0.0,9,0,45,0,0,0,0,0,0.0,3741098065206,stations45_drones9_iteration9.plan
733,231,727920,8,115499.3931,10477.0,0.0,0.000,0.0,0.0,9,0,45,0,0,0,0,0,0.0,3607588922674,stations45_drones9_iteration8.plan
673,297,765380,7,122427.2008,10573.4,0.0,0.000,0.0,0.0,9,0,45,0,0,0,0,0,0.0,3851803812020,stations45_drones9_iteration7.plan
591,246,758280,6,120935.5458,9683.0,0.0,0.000,0.0,0.0,9,0,45,0,0,0,0,0,0.0,3806143841237,stations45_drones9_iteration6.plan
936,295,706580,5,114511.6778,9545.1,0.0,0.000,0.0,0.0,9,0,45,0,0,0,0,0,0.0,3597298275213,stations45_drones9_iteration5.plan
913,290,736464,4,120226.8035,9902.6,0.0,0.000,0.0,0.0,9,0,45,0,0,0,0,0,0.0,3769308882638,stations45_drones9_iteration4.plan
669,228,714096,3,116079.516,9941.9,0.0,0.000,0.0,0.0,9,0,45,0,0,0,0,0,0.0,3649325036837,stations45_drones9_iteration3.plan
726,326,765222,2,123484.4853,10271.6,0.0,0.000,0.0,0.0,9,0,45,0,0,0,0,0,0.0,3864866583190,stations45_drones9_iteration2.plan
719,310,729708,10,119465.0114,10137.9,0.0,0.000,0.0,0.0,9,0,45,0,0,0,0,0,0.0,3701404427864,stations45_drones9_iteration10.plan
661,311,681163,1,108418.9357,9059.0,0.0,0.000,0.0,0.0,9,0,45,0,0,0,0,0,0.0,3398373652655,stations45_drones9_iteration1.plan
785,354,693522,9,117582.6442,8553.3,0.0,0.000,0.0,0.0,8,0,45,0,0,0,0,0,0.0,3631975762912,stations45_drones8_iteration9.plan
890,275,765408,8,131240.3083,8652.4,0.0,0.000,0.0,0.0,8,0,45,0,0,0,0,0,0.0,4097228724038,stations45_drones8_iteration8.plan
710,312,736173,7,124638.0793,9297.3,0.0,0.000,0.0,0.0,8,0,45,0,0,0,0,0,0.0,3870062008709,stations45_drones8_iteration7.plan
748,341,725648,6,123765.6862,8617.3,0.0,0.000,0.0,0.0,8,0,45,0,0,0,0,0,0.0,3813094546159,stations45_drones8_iteration6.plan
933,302,737383,5,124943.5256,9085.7,0.0,0.000,0.0,0.0,8,0,45,0,0,0,0,0,0.0,3919381067016,stations45_drones8_iteration5.plan
806,259,751010,4,127647.2918,9308.6,0.0,0.000,0.0,0.0,8,0,45,0,0,0,0,0,0.0,3983395226033,stations45_drones8_iteration4.plan
750,260,773355,3,126844.7679,9921.9,0.0,0.000,0.0,0.0,8,0,45,0,0,0,0,0,0.0,3968104673682,stations45_drones8_iteration3.plan
908,230,736332,2,125164.8998,8682.0,0.0,0.000,0.0,0.0,8,0,45,0,0,0,0,0,0.0,3885818171637,stations45_drones8_iteration2.plan
802,298,751618,10,125925.8889,9358.8,0.0,0.000,0.0,0.0,8,0,45,0,0,0,0,0,0.0,3908148343557,stations45_drones8_iteration10.plan
1103,311,757422,1,130051.1225,10012.3,0.0,0.000,0.0,0.0,8,0,45,0,0,0,0,0,0.0,4037068234364,stations45_drones8_iteration1.plan
882,297,770954,9,129113.1054,8506.6,0.0,0.000,0.0,0.0,7,0,45,0,0,0,0,0,0.0,3962369018935,stations45_drones7_iteration9.plan
647,293,709869,8,118915.4686,8285.2,0.0,0.000,0.0,0.0,7,0,45,0,0,0,0,0,0.0,3725339526608,stations45_drones7_iteration8.plan
721,386,770400,7,129862.8784,8511.4,0.0,0.000,0.0,0.0,7,0,45,0,0,0,0,0,0.0,3958090593425,stations45_drones7_iteration7.plan
729,240,736208,6,125018.4151,8687.7,0.0,0.000,0.0,0.0,7,0,45,0,0,0,0,0,0.0,3854138100937,stations45_drones7_iteration6.plan
684,386,724980,5,123172.7405,8132.6,0.0,0.000,0.0,0.0,7,0,45,0,0,0,0,0,0.0,3781856553238,stations45_drones7_iteration5.plan
614,313,698706,4,119817.8171,8434.8,0.0,0.000,0.0,0.0,7,0,45,0,0,0,0,0,0.0,3668909217975,stations45_drones7_iteration4.plan
893,394,753280,3,126831.6534,9023.0,0.0,0.000,0.0,0.0,7,0,45,0,0,0,0,0,0.0,3926646671102,stations45_drones7_iteration3.plan
814,268,726240,2,124061.1637,7824.3,0.0,0.000,0.0,0.0,7,0,45,0,0,0,0,0,0.0,3848465342770,stations45_drones7_iteration2.plan
995,356,691722,10,120596.8561,8311.3,0.0,0.000,0.0,0.0,7,0,45,0,0,0,0,0,0.0,3716283438072,stations45_drones7_iteration10.plan
737,279,685881,1,116890.9726,7966.7,0.0,0.000,0.0,0.0,7,0,45,0,0,0,0,0,0.0,3623918840205,stations45_drones7_iteration1.plan
950,236,718500,9,120744.0099,8090.9,0.0,0.000,0.0,0.0,6,0,45,0,0,0,0,0,0.0,3713589335792,stations45_drones6_iteration9.plan
873,357,715528,8,120117.3646,7823.6,0.0,0.000,0.0,0.0,6,0,45,0,0,0,0,0,0.0,3724857388927,stations45_drones6_iteration8.plan
853,345,755856,7,129142.1381,8345.2,0.0,0.000,0.0,0.0,6,0,45,0,0,0,0,0,0.0,3975331787282,stations45_drones6_iteration7.plan
568,300,733244,6,125045.1173,8429.9,0.0,0.000,0.0,0.0,6,0,45,0,0,0,0,0,0.0,3923491252392,stations45_drones6_iteration6.plan
581,288,720900,5,122678.0893,7277.8,0.0,0.000,0.0,0.0,6,0,45,0,0,0,0,0,0.0,3756125048142,stations45_drones6_iteration5.plan
785,342,759396,4,128821.9871,7689.7,0.0,0.000,0.0,0.0,6,0,45,0,0,0,0,0,0.0,3969865020138,stations45_drones6_iteration4.plan
698,387,694070,3,114280.001,7520.5,0.0,0.000,0.0,0.0,6,0,45,0,0,0,0,0,0.0,3556474173949,stations45_drones6_iteration3.plan
521,275,743070,2,127922.3261,7704.5,0.0,0.000,0.0,0.0,6,0,45,0,0,0,0,0,0.0,3946404515030,stations45_drones6_iteration2.plan
652,324,743080,10,125332.1379,7816.8,0.0,0.000,0.0,0.0,6,0,45,0,0,0,0,0,0.0,3878235123885,stations45_drones6_iteration10.plan
672,342,753083,1,127110.4904,7706.4,0.0,0.000,0.0,0.0,6,0,45,0,0,0,0,0,0.0,3942503976678,stations45_drones6_iteration1.plan
668,371,760324,9,128319.9048,7324.2,0.0,0.000,0.0,0.0,5,0,45,0,0,0,0,0,0.0,3981256972045,stations45_drones5_iteration9.plan
836,379,737114,8,126096.6891,7426.9,0.0,0.000,0.0,0.0,5,0,45,0,0,0,0,0,0.0,3889524665612,stations45_drones5_iteration8.plan
653,233,746532,7,127388.0018,7232.8,0.0,0.000,0.0,0.0,5,0,45,0,0,0,0,0,0.0,3897617343385,stations45_drones5_iteration7.plan
764,204,759318,6,128709.5198,7629.5,0.0,0.000,0.0,0.0,5,0,45,0,0,0,0,0,0.0,3955402628904,stations45_drones5_iteration6.plan
776,397,729560,5,125537.6272,7606.2,0.0,0.000,0.0,0.0,5,0,45,0,0,0,0,0,0.0,3894653289261,stations45_drones5_iteration5.plan
647,298,732375,4,122903.96,7078.3,0.0,0.000,0.0,0.0,5,0,45,0,0,0,0,0,0.0,3831833929285,stations45_drones5_iteration4.plan
822,322,732336,3,125813.2134,7395.0,0.0,0.000,0.0,0.0,5,0,45,0,0,0,0,0,0.0,3900635351833,stations45_drones5_iteration3.plan
742,374,741129,2,125423.241,7382.4,0.0,0.000,0.0,0.0,5,0,45,0,0,0,0,0,0.0,3908060456650,stations45_drones5_iteration2.plan
979,317,652884,10,114401.8572,6671.9,0.0,0.000,0.0,0.0,5,0,45,0,0,0,0,0,0.0,3492770082264,stations45_drones5_iteration10.plan
727,310,719250,1,124776.9528,7044.6,0.0,0.000,0.0,0.0,5,0,45,0,0,0,0,0,0.0,3849636262449,stations45_drones5_iteration1.plan
671,304,723128,9,131804.5706,6031.4,0.0,0.000,0.0,0.0,4,0,45,0,0,0,0,0,0.0,4056931345881,stations45_drones4_iteration9.plan
587,319,778650,8,148924.8548,6407.8,0.0,0.000,0.0,0.0,4,0,45,0,0,0,0,0,0.0,4553850808244,stations45_drones4_iteration8.plan
573,178,753296,7,139104.597,6490.7,0.0,0.000,0.0,0.0,4,0,45,0,0,0,0,0,0.0,4301481171839,stations45_drones4_iteration7.plan
803,259,708890,6,131772.5913,6178.9,0.0,0.000,0.0,0.0,4,0,45,0,0,0,0,0,0.0,4124651347340,stations45_drones4_iteration6.plan
441,256,762723,5,141377.6348,6187.5,0.0,0.000,0.0,0.0,4,0,45,0,0,0,0,0,0.0,4341130719650,stations45_drones4_iteration5.plan
900,228,700740,4,128922.4038,6438.9,0.0,0.000,0.0,0.0,4,0,45,0,0,0,0,0,0.0,4041056859553,stations45_drones4_iteration4.plan
682,340,757050,3,138324.7193,6204.3,0.0,0.000,0.0,0.0,4,0,45,0,0,0,0,0,0.0,4253797730328,stations45_drones4_iteration3.plan
746,363,761656,2,141615.2412,6448.0,0.0,0.000,0.0,0.0,4,0,45,0,0,0,0,0,0.0,4358077596045,stations45_drones4_iteration2.plan
819,331,752958,10,141767.4741,6701.7,0.0,0.000,0.0,0.0,4,0,45,0,0,0,0,0,0.0,4356400958004,stations45_drones4_iteration10.plan
596,302,710055,1,129743.1851,6134.9,0.0,0.000,0.0,0.0,4,0,45,0,0,0,0,0,0.0,4028929410840,stations45_drones4_iteration1.plan
916,346,754542,9,160244.8418,6256.5,0.0,0.000,0.0,0.0,3,0,45,0,0,0,0,0,0.0,4971633786351,stations45_drones3_iteration9.plan
833,270,737598,8,222830.2653,5948.3,0.0,0.000,0.0,0.0,3,0,45,0,0,0,0,0,0.0,6963564241863,stations45_drones3_iteration8.plan
682,326,740250,7,154607.6889,5741.6,0.0,0.000,0.0,0.0,3,0,45,0,0,0,0,0,0.0,4839025977446,stations45_drones3_iteration7.plan
653,167,782705,6,221125.074,6061.6,0.0,0.000,0.0,0.0,3,0,45,0,0,0,0,0,0.0,6818485523118,stations45_drones3_iteration6.plan
790,370,792064,5,168281.1674,5913.3,0.0,0.000,0.0,0.0,3,0,45,0,0,0,0,0,0.0,5195214087131,stations45_drones3_iteration5.plan
531,351,684526,4,146424.9325,5555.4,0.0,0.000,0.0,0.0,3,0,45,0,0,0,0,0,0.0,4564086796621,stations45_drones3_iteration4.plan
866,356,720200,3,155200.5162,5938.9,0.0,0.000,0.0,0.0,3,0,45,0,0,0,0,0,0.0,4867988739900,stations45_drones3_iteration3.plan
822,411,758353,2,190931.9782,6225.1,0.0,0.000,0.0,0.0,3,0,45,0,0,0,0,0,0.0,5996015535020,stations45_drones3_iteration2.plan
874,121,730080,10,177297.0058,5686.9,0.0,0.000,0.0,0.0,3,0,45,0,0,0,0,0,0.0,5546274094159,stations45_drones3_iteration10.plan
461,201,762552,1,169035.9488,6530.0,0.0,0.000,0.0,0.0,3,0,45,0,0,0,0,0,0.0,5226350704693,stations45_drones3_iteration1.plan
668,428,675444,9,535380.821,5241.9,0.0,0.000,0.0,0.0,2,0,45,0,0,0,0,0,0.0,16761536545658,stations45_drones2_iteration9.plan
826,330,723888,8,482894.5121,6025.3,0.0,0.000,0.0,0.0,2,0,45,0,0,0,0,0,0.0,14880698645557,stations45_drones2_iteration8.plan
611,244,670462,7,447514.157,5305.0,0.0,0.000,0.0,0.0,2,0,45,0,0,0,0,0,0.0,13712550406842,stations45_drones2_iteration7.plan
466,317,778425,6,662706.8214,5492.3,0.0,0.000,0.0,0.0,2,0,45,0,0,0,0,0,0.0,20541291538073,stations45_drones2_iteration6.plan
487,323,716308,5,516007.7932,5429.6,0.0,0.000,0.0,0.0,2,0,45,0,0,0,0,0,0.0,15992323568630,stations45_drones2_iteration5.plan
515,348,771936,4,617918.8924,5252.6,0.0,0.000,0.0,0.0,2,0,45,0,0,0,0,0,0.0,19319911749995,stations45_drones2_iteration4.plan
841,519,759097,3,524860.5118,5724.0,0.0,0.000,0.0,0.0,2,0,45,0,0,0,0,0,0.0,16276661322036,stations45_drones2_iteration3.plan
572,306,769824,2,612631.37,5662.9,0.0,0.000,0.0,0.0,2,0,45,0,0,0,0,0,0.0,19016773587283,stations45_drones2_iteration2.plan
826,422,772464,10,553406.9714,4972.1,0.0,0.000,0.0,0.0,2,0,45,0,0,0,0,0,0.0,17179128022144,stations45_drones2_iteration10.plan
913,257,759348,1,515913.9006,5976.5,0.0,0.000,0.0,0.0,2,0,45,0,0,0,0,0,0.0,15962349202610,stations45_drones2_iteration1.plan
831,195,781335,9,131418.0371,10279.3,0.0,0.000,0.0,0.0,10,0,45,0,0,0,0,0,0.0,4134805497788,stations45_drones10_iteration9.plan
608,305,771543,8,129649.4263,11335.8,0.0,0.000,0.0,0.0,10,0,45,0,0,0,0,0,0.0,4048338423691,stations45_drones10_iteration8.plan
767,253,775592,7,132422.9769,10998.0,0.0,0.000,0.0,0.0,10,0,45,0,0,0,0,0,0.0,4141341362820,stations45_drones10_iteration7.plan
628,340,745160,6,127586.0493,10543.7,0.0,0.000,0.0,0.0,10,0,45,0,0,0,0,0,0.0,3992234468326,stations45_drones10_iteration6.plan
789,286,771603,5,131074.0483,10747.2,0.0,0.000,0.0,0.0,10,0,45,0,0,0,0,0,0.0,4110756945738,stations45_drones10_iteration5.plan
736,350,750240,4,129536.4882,11210.7,0.0,0.000,0.0,0.0,10,0,45,0,0,0,0,0,0.0,4042069101433,stations45_drones10_iteration4.plan
731,232,731688,3,126468.5514,10148.2,0.0,0.000,0.0,0.0,10,0,45,0,0,0,0,0,0.0,3946675578085,stations45_drones10_iteration3.plan
728,345,761610,2,128309.6616,11005.2,0.0,0.000,0.0,0.0,10,0,45,0,0,0,0,0,0.0,3987000972566,stations45_drones10_iteration2.plan
751,308,752780,10,132757.5076,11109.4,0.0,0.000,0.0,0.0,10,0,45,0,0,0,0,0,0.0,4101733351738,stations45_drones10_iteration10.plan
729,256,573463,1,100958.8439,9813.1,0.0,0.000,0.0,0.0,10,0,45,0,0,0,0,0,0.0,3145371487170,stations45_drones10_iteration1.plan
1245,236,754166,9,1438094.0734,5150.0,0.0,0.000,0.0,0.0,1,0,45,0,0,0,0,0,0.0,44487858416793,stations45_drones1_iteration9.plan
1021,535,713388,8,1314664.3465,4700.7,0.0,0.000,0.0,0.0,1,0,45,0,0,0,0,0,0.0,40707670993654,stations45_drones1_iteration8.plan
1163,50,777504,7,1515721.7401,4770.0,0.0,0.000,0.0,0.0,1,0,45,0,0,0,0,0,0.0,46895172771235,stations45_drones1_iteration7.plan
895,458,701610,6,1310588.38,4692.3,0.0,0.000,0.0,0.0,1,0,45,0,0,0,0,0,0.0,40511549239599,stations45_drones1_iteration6.plan
956,78,744894,5,1367766.4352,5198.8,0.0,0.000,0.0,0.0,1,0,45,0,0,0,0,0,0.0,42241955750807,stations45_drones1_iteration5.plan
917,239,792780,4,1541470.0819,4880.3,0.0,0.000,0.0,0.0,1,0,45,0,0,0,0,0,0.0,48280185538547,stations45_drones1_iteration4.plan
826,479,761305,3,1483995.4608,4972.7,0.0,0.000,0.0,0.0,1,0,45,0,0,0,0,0,0.0,45913808282178,stations45_drones1_iteration3.plan
1494,485,767676,2,1486092.6607,5126.3,0.0,0.000,0.0,0.0,1,0,45,0,0,0,0,0,0.0,45998450666261,stations45_drones1_iteration2.plan
1008,144,782620,10,1231788.8233,4971.5,0.0,0.000,0.0,0.0,1,0,45,0,0,0,0,0,0.0,38198747757756,stations45_drones1_iteration10.plan
1193,238,765756,1,1498785.4346,5210.3,0.0,0.000,0.0,0.0,1,0,45,0,0,0,0,0,0.0,46276052655703,stations45_drones1_iteration1.plan
781,324,710535,9,30865.6301,8697.0,0.0,0.000,0.0,0.0,9,0,25,0,0,0,0,0,0.0,958229790772,stations25_drones9_iteration9.plan
744,303,630984,8,28164.8421,8662.8,0.0,0.000,0.0,0.0,9,0,25,0,0,0,0,0,0.0,872585991037,stations25_drones9_iteration8.plan
674,309,637790,7,26999.7019,8942.8,0.0,0.000,0.0,0.0,9,0,25,0,0,0,0,0,0.0,834991672855,stations25_drones9_iteration7.plan
850,295,683445,6,29480.2374,8987.6,0.0,0.000,0.0,0.0,9,0,25,0,0,0,0,0,0.0,897397072517,stations25_drones9_iteration6.plan
882,175,660960,5,29379.4096,8088.8,0.0,0.000,0.0,0.0,9,0,25,0,0,0,0,0,0.0,900048705162,stations25_drones9_iteration5.plan
730,197,697515,4,29139.4199,9240.6,0.0,0.000,0.0,0.0,9,0,25,0,0,0,0,0,0.0,904201684032,stations25_drones9_iteration4.plan
594,199,705474,3,29152.8424,9034.0,0.0,0.000,0.0,0.0,9,0,25,0,0,0,0,0,0.0,898839562867,stations25_drones9_iteration3.plan
752,222,651182,2,28963.693,8463.7,0.0,0.000,0.0,0.0,9,0,25,0,0,0,0,0,0.0,901988538976,stations25_drones9_iteration2.plan
701,347,737114,10,32321.8637,8036.2,0.0,0.000,0.0,0.0,9,0,25,0,0,0,0,0,0.0,1000545648877,stations25_drones9_iteration10.plan
677,264,666966,1,28444.7174,8149.2,0.0,0.000,0.0,0.0,9,0,25,0,0,0,0,0,0.0,876721113696,stations25_drones9_iteration1.plan
1049,183,635946,9,22427.1811,6991.7,0.0,0.000,0.0,0.0,8,0,25,0,0,0,0,0,0.0,696928217330,stations25_drones8_iteration9.plan
641,334,740523,8,26636.2644,7711.0,0.0,0.000,0.0,0.0,8,0,25,0,0,0,0,0,0.0,813014061286,stations25_drones8_iteration8.plan
705,412,777948,7,27682.2114,7810.3,0.0,0.000,0.0,0.0,8,0,25,0,0,0,0,0,0.0,854742465551,stations25_drones8_iteration7.plan
954,255,469680,6,16897.5706,5847.1,0.0,0.000,0.0,0.0,8,0,25,0,0,0,0,0,0.0,517473678978,stations25_drones8_iteration6.plan
635,239,665550,5,23102.1076,7356.5,0.0,0.000,0.0,0.0,8,0,25,0,0,0,0,0,0.0,716836356424,stations25_drones8_iteration5.plan
982,235,780840,4,28119.207,7833.3,0.0,0.000,0.0,0.0,8,0,25,0,0,0,0,0,0.0,872925887959,stations25_drones8_iteration4.plan
709,364,767910,3,27252.8506,8576.8,0.0,0.000,0.0,0.0,8,0,25,0,0,0,0,0,0.0,850603852671,stations25_drones8_iteration3.plan
815,254,746720,2,26382.2808,7481.0,0.0,0.000,0.0,0.0,8,0,25,0,0,0,0,0,0.0,822029380435,stations25_drones8_iteration2.plan
755,278,646624,10,22705.0854,6293.3,0.0,0.000,0.0,0.0,8,0,25,0,0,0,0,0,0.0,703904170288,stations25_drones8_iteration10.plan
854,227,632212,1,22901.704,7445.2,0.0,0.000,0.0,0.0,8,0,25,0,0,0,0,0,0.0,714475345971,stations25_drones8_iteration1.plan
505,266,747992,9,23566.9827,5861.9,0.0,0.000,0.0,0.0,7,0,25,0,0,0,0,0,0.0,705373053045,stations25_drones7_iteration9.plan
572,365,568008,8,17868.4886,7205.6,0.0,0.000,0.0,0.0,7,0,25,0,0,0,0,0,0.0,545084062077,stations25_drones7_iteration8.plan
953,264,704856,7,22474.5563,6652.6,0.0,0.000,0.0,0.0,7,0,25,0,0,0,0,0,0.0,691050542463,stations25_drones7_iteration7.plan
628,226,720384,6,22440.7326,6617.0,0.0,0.000,0.0,0.0,7,0,25,0,0,0,0,0,0.0,698421760325,stations25_drones7_iteration6.plan
831,275,692000,5,20483.7389,7850.4,0.0,0.000,0.0,0.0,7,0,25,0,0,0,0,0,0.0,632733480667,stations25_drones7_iteration5.plan
959,295,603840,4,19084.7299,6607.6,0.0,0.000,0.0,0.0,7,0,25,0,0,0,0,0,0.0,586395316360,stations25_drones7_iteration4.plan
686,191,636294,3,19311.8784,6401.9,0.0,0.000,0.0,0.0,7,0,25,0,0,0,0,0,0.0,598532899467,stations25_drones7_iteration3.plan
765,238,653246,2,19614.6064,7372.0,0.0,0.000,0.0,0.0,7,0,25,0,0,0,0,0,0.0,616230791613,stations25_drones7_iteration2.plan
984,298,716096,10,22218.7549,7117.8,0.0,0.000,0.0,0.0,7,0,25,0,0,0,0,0,0.0,694456929369,stations25_drones7_iteration10.plan
984,192,626808,1,18439.5172,6561.6,0.0,0.000,0.0,0.0,7,0,25,0,0,0,0,0,0.0,564216754986,stations25_drones7_iteration1.plan
793,325,660721,9,20289.1252,6209.3,0.0,0.000,0.0,0.0,6,0,25,0,0,0,0,0,0.0,636165458169,stations25_drones6_iteration9.plan
711,285,659885,8,20483.3093,5395.0,0.0,0.000,0.0,0.0,6,0,25,0,0,0,0,0,0.0,627404250962,stations25_drones6_iteration8.plan
826,351,709320,7,21807.5184,6399.8,0.0,0.000,0.0,0.0,6,0,25,0,0,0,0,0,0.0,677186073994,stations25_drones6_iteration7.plan
822,318,720694,6,21583.2936,6409.8,0.0,0.000,0.0,0.0,6,0,25,0,0,0,0,0,0.0,671321987248,stations25_drones6_iteration6.plan
739,273,767472,5,23573.5821,6546.6,0.0,0.000,0.0,0.0,6,0,25,0,0,0,0,0,0.0,727100109790,stations25_drones6_iteration5.plan
566,309,583143,4,19759.8781,6082.8,0.0,0.000,0.0,0.0,6,0,25,0,0,0,0,0,0.0,602686991618,stations25_drones6_iteration4.plan
947,327,764762,3,22257.8007,6620.7,0.0,0.000,0.0,0.0,6,0,25,0,0,0,0,0,0.0,691395061792,stations25_drones6_iteration3.plan
869,240,737625,2,22227.2723,6347.1,0.0,0.000,0.0,0.0,6,0,25,0,0,0,0,0,0.0,699990913509,stations25_drones6_iteration2.plan
818,285,660859,10,19781.1596,6408.2,0.0,0.000,0.0,0.0,6,0,25,0,0,0,0,0,0.0,616813923869,stations25_drones6_iteration10.plan
722,242,790250,1,23670.0566,7441.5,0.0,0.000,0.0,0.0,6,0,25,0,0,0,0,0,0.0,736960725025,stations25_drones6_iteration1.plan
807,284,654524,9,18401.9907,5968.0,0.0,0.000,0.0,0.0,5,0,25,0,0,0,0,0,0.0,571844884790,stations25_drones5_iteration9.plan
749,322,691600,8,19131.0731,6266.4,0.0,0.000,0.0,0.0,5,0,25,0,0,0,0,0,0.0,594983356573,stations25_drones5_iteration8.plan
805,339,670140,7,18129.7281,6634.3,0.0,0.000,0.0,0.0,5,0,25,0,0,0,0,0,0.0,566219579431,stations25_drones5_iteration7.plan
963,279,518232,6,15241.1214,5988.5,0.0,0.000,0.0,0.0,5,0,25,0,0,0,0,0,0.0,468938952798,stations25_drones5_iteration6.plan
635,304,711744,5,19564.1136,6519.3,0.0,0.000,0.0,0.0,5,0,25,0,0,0,0,0,0.0,609407127052,stations25_drones5_iteration5.plan
606,303,595818,4,16423.9257,5703.6,0.0,0.000,0.0,0.0,5,0,25,0,0,0,0,0,0.0,510352580301,stations25_drones5_iteration4.plan
704,378,691600,3,18753.2443,6457.9,0.0,0.000,0.0,0.0,5,0,25,0,0,0,0,0,0.0,583248378202,stations25_drones5_iteration3.plan
747,240,699048,2,19208.9898,5920.5,0.0,0.000,0.0,0.0,5,0,25,0,0,0,0,0,0.0,598163842887,stations25_drones5_iteration2.plan
641,309,717536,10,19603.4371,6521.9,0.0,0.000,0.0,0.0,5,0,25,0,0,0,0,0,0.0,607654757842,stations25_drones5_iteration10.plan
835,283,577654,1,16382.3355,5982.4,0.0,0.000,0.0,0.0,5,0,25,0,0,0,0,0,0.0,506425432290,stations25_drones5_iteration1.plan
931,187,688828,9,20180.9249,5807.1,0.0,0.000,0.0,0.0,4,0,25,0,0,0,0,0,0.0,620674298338,stations25_drones4_iteration9.plan
962,474,665005,8,20302.4162,4768.8,0.0,0.000,0.0,0.0,4,0,25,0,0,0,0,0,0.0,619088305140,stations25_drones4_iteration8.plan
618,355,618171,7,18621.3647,4968.9,0.0,0.000,0.0,0.0,4,0,25,0,0,0,0,0,0.0,579438614005,stations25_drones4_iteration7.plan
1000,224,694540,6,21845.2778,6223.3,0.0,0.000,0.0,0.0,4,0,25,0,0,0,0,0,0.0,660698325882,stations25_drones4_iteration6.plan
889,467,732032,5,21649.5951,5022.6,0.0,0.000,0.0,0.0,4,0,25,0,0,0,0,0,0.0,672014396375,stations25_drones4_iteration5.plan
806,318,660942,4,19915.6985,5421.3,0.0,0.000,0.0,0.0,4,0,25,0,0,0,0,0,0.0,609684637357,stations25_drones4_iteration4.plan
691,279,699580,3,20450.6606,4758.4,0.0,0.000,0.0,0.0,4,0,25,0,0,0,0,0,0.0,609874448494,stations25_drones4_iteration3.plan
662,227,748203,2,22212.6973,5807.3,0.0,0.000,0.0,0.0,4,0,25,0,0,0,0,0,0.0,683628267268,stations25_drones4_iteration2.plan
578,354,662904,10,19551.9674,5323.8,0.0,0.000,0.0,0.0,4,0,25,0,0,0,0,0,0.0,605513649510,stations25_drones4_iteration10.plan
635,185,672464,1,20317.9081,4946.1,0.0,0.000,0.0,0.0,4,0,25,0,0,0,0,0,0.0,626022539669,stations25_drones4_iteration1.plan
672,379,764151,9,26713.151,5135.2,0.0,0.000,0.0,0.0,3,0,25,0,0,0,0,0,0.0,823872333789,stations25_drones3_iteration9.plan
751,368,770040,8,27959.393,5756.1,0.0,0.000,0.0,0.0,3,0,25,0,0,0,0,0,0.0,856576352804,stations25_drones3_iteration8.plan
663,223,675414,7,24928.1726,4756.4,0.0,0.000,0.0,0.0,3,0,25,0,0,0,0,0,0.0,773224334654,stations25_drones3_iteration7.plan
814,229,686595,6,25430.1456,4690.0,0.0,0.000,0.0,0.0,3,0,25,0,0,0,0,0,0.0,783292396549,stations25_drones3_iteration6.plan
791,246,587418,5,22168.8432,4668.1,0.0,0.000,0.0,0.0,3,0,25,0,0,0,0,0,0.0,686619077492,stations25_drones3_iteration5.plan
813,175,730743,4,27649.5171,4860.7,0.0,0.000,0.0,0.0,3,0,25,0,0,0,0,0,0.0,850611423856,stations25_drones3_iteration4.plan
825,341,674304,3,25387.736,4632.0,0.0,0.000,0.0,0.0,3,0,25,0,0,0,0,0,0.0,785301984496,stations25_drones3_iteration3.plan
570,404,544752,2,20800.0199,4663.2,0.0,0.000,0.0,0.0,3,0,25,0,0,0,0,0,0.0,646191877215,stations25_drones3_iteration2.plan
898,239,695970,10,26112.4551,4737.6,0.0,0.000,0.0,0.0,3,0,25,0,0,0,0,0,0.0,792549799833,stations25_drones3_iteration10.plan
798,297,719712,1,26563.8044,5147.5,0.0,0.000,0.0,0.0,3,0,25,0,0,0,0,0,0.0,820132242567,stations25_drones3_iteration1.plan
753,237,673569,9,59769.4564,3744.1,0.0,0.000,0.0,0.0,2,0,25,0,0,0,0,0,0.0,1842430811452,stations25_drones2_iteration9.plan
646,372,699396,8,63616.7049,4098.3,0.0,0.000,0.0,0.0,2,0,25,0,0,0,0,0,0.0,1962194901637,stations25_drones2_iteration8.plan
682,337,679990,7,54366.3739,3869.6,0.0,0.000,0.0,0.0,2,0,25,0,0,0,0,0,0.0,1664561118398,stations25_drones2_iteration7.plan
725,391,718864,6,57772.1321,4456.1,0.0,0.000,0.0,0.0,2,0,25,0,0,0,0,0,0.0,1771451163738,stations25_drones2_iteration6.plan
774,414,692612,5,60254.1024,3950.2,0.0,0.000,0.0,0.0,2,0,25,0,0,0,0,0,0.0,1848877103127,stations25_drones2_iteration5.plan
872,390,681163,4,58961.576,3987.2,0.0,0.000,0.0,0.0,2,0,25,0,0,0,0,0,0.0,1801450705273,stations25_drones2_iteration4.plan
701,394,702491,3,65508.6595,4358.5,0.0,0.000,0.0,0.0,2,0,25,0,0,0,0,0,0.0,2023295890523,stations25_drones2_iteration3.plan
591,328,526768,2,44214.0938,3545.1,0.0,0.000,0.0,0.0,2,0,25,0,0,0,0,0,0.0,1352777784997,stations25_drones2_iteration2.plan
806,338,697839,10,57972.0781,4599.9,0.0,0.000,0.0,0.0,2,0,25,0,0,0,0,0,0.0,1769492722627,stations25_drones2_iteration10.plan
765,238,648528,1,57527.9797,3863.8,0.0,0.000,0.0,0.0,2,0,25,0,0,0,0,0,0.0,1728519938123,stations25_drones2_iteration1.plan
773,312,642522,9,39382.2914,8182.2,0.0,0.000,0.0,0.0,10,0,25,0,0,0,0,0,0.0,1218579564362,stations25_drones10_iteration9.plan
796,290,681804,8,40895.1954,8569.7,0.0,0.000,0.0,0.0,10,0,25,0,0,0,0,0,0.0,1279101230619,stations25_drones10_iteration8.plan
910,263,513648,7,31877.6426,7001.4,0.0,0.000,0.0,0.0,10,0,25,0,0,0,0,0,0.0,978443468531,stations25_drones10_iteration7.plan
845,215,704370,6,41394.209,9061.4,0.0,0.000,0.0,0.0,10,0,25,0,0,0,0,0,0.0,1266887856755,stations25_drones10_iteration6.plan
886,310,732871,5,43742.2804,8420.5,0.0,0.000,0.0,0.0,10,0,25,0,0,0,0,0,0.0,1361532216906,stations25_drones10_iteration5.plan
637,331,706680,4,43927.5074,9037.0,0.0,0.000,0.0,0.0,10,0,25,0,0,0,0,0,0.0,1356103634232,stations25_drones10_iteration4.plan
697,280,724638,3,43943.2498,8099.8,0.0,0.000,0.0,0.0,10,0,25,0,0,0,0,0,0.0,1359716240796,stations25_drones10_iteration3.plan
866,283,699170,2,41950.9249,8157.8,0.0,0.000,0.0,0.0,10,0,25,0,0,0,0,0,0.0,1299424774076,stations25_drones10_iteration2.plan
905,198,717552,10,41868.5407,8254.1,0.0,0.000,0.0,0.0,10,0,25,0,0,0,0,0,0.0,1263102186595,stations25_drones10_iteration10.plan
805,242,698516,1,41912.0794,8900.3,0.0,0.000,0.0,0.0,10,0,25,0,0,0,0,0,0.0,1281672308908,stations25_drones10_iteration1.plan
1359,297,746460,9,146913.4802,3867.9,0.0,0.000,0.0,0.0,1,0,25,0,0,0,0,0,0.0,4555727784548,stations25_drones1_iteration9.plan
888,534,684840,8,152595.0111,3864.5,0.0,0.000,0.0,0.0,1,0,25,0,0,0,0,0,0.0,4692394687349,stations25_drones1_iteration8.plan
337,376,697938,7,159491.9674,3923.4,0.0,0.000,0.0,0.0,1,0,25,0,0,0,0,0,0.0,4914993917455,stations25_drones1_iteration7.plan
975,256,689152,6,163412.0976,4071.6,0.0,0.000,0.0,0.0,1,0,25,0,0,0,0,0,0.0,5054291066683,stations25_drones1_iteration6.plan
986,159,638564,5,134250.4992,3939.0,0.0,0.000,0.0,0.0,1,0,25,0,0,0,0,0,0.0,4190211919382,stations25_drones1_iteration5.plan
1439,184,629049,4,145277.2195,3935.5,0.0,0.000,0.0,0.0,1,0,25,0,0,0,0,0,0.0,4492260223274,stations25_drones1_iteration4.plan
1168,188,665600,3,148262.9373,3868.8,0.0,0.000,0.0,0.0,1,0,25,0,0,0,0,0,0.0,4646281327819,stations25_drones1_iteration3.plan
1252,470,735534,2,157051.3836,4181.5,0.0,0.000,0.0,0.0,1,0,25,0,0,0,0,0,0.0,4882763420730,stations25_drones1_iteration2.plan
603,240,721056,10,152979.2134,3668.4,0.0,0.000,0.0,0.0,1,0,25,0,0,0,0,0,0.0,4762452319538,stations25_drones1_iteration10.plan
502,106,631968,1,134196.2772,3560.5,0.0,0.000,0.0,0.0,1,0,25,0,0,0,0,0,0.0,4094417443084,stations25_drones1_iteration1.plan
771,323,768357,9,36263.0886,8567.6,0.0,0.000,0.0,0.0,9,0,20,0,0,0,0,0,0.0,1127172067185,stations20_drones9_iteration9.plan
988,284,685521,8,30782.6539,6458.0,0.0,0.000,0.0,0.0,9,0,20,0,0,0,0,0,0.0,940550403162,stations20_drones9_iteration8.plan
684,280,731538,7,33079.3562,7420.3,0.0,0.000,0.0,0.0,9,0,20,0,0,0,0,0,0.0,1004917646109,stations20_drones9_iteration7.plan
688,311,715358,6,33408.8003,7906.1,0.0,0.000,0.0,0.0,9,0,20,0,0,0,0,0,0.0,1024971273092,stations20_drones9_iteration6.plan
746,277,767188,5,35859.8405,7687.1,0.0,0.000,0.0,0.0,9,0,20,0,0,0,0,0,0.0,1104293170314,stations20_drones9_iteration5.plan
795,244,620061,4,27542.2376,7073.3,0.0,0.000,0.0,0.0,9,0,20,0,0,0,0,0,0.0,841182737591,stations20_drones9_iteration4.plan
723,349,735816,3,34607.5368,7703.9,0.0,0.000,0.0,0.0,9,0,20,0,0,0,0,0,0.0,1066140178757,stations20_drones9_iteration3.plan
534,335,742896,2,33178.7295,8023.5,0.0,0.000,0.0,0.0,9,0,20,0,0,0,0,0,0.0,1022947189608,stations20_drones9_iteration2.plan
995,260,639128,10,29931.9648,6881.0,0.0,0.000,0.0,0.0,9,0,20,0,0,0,0,0,0.0,925669353387,stations20_drones9_iteration10.plan
845,263,584192,1,26328.4859,6801.1,0.0,0.000,0.0,0.0,9,0,20,0,0,0,0,0,0.0,796817425962,stations20_drones9_iteration1.plan
856,296,635068,9,20257.6249,6765.7,0.0,0.000,0.0,0.0,8,0,20,0,0,0,0,0,0.0,624086583467,stations20_drones8_iteration9.plan
779,245,544500,8,17307.777,7694.4,0.0,0.000,0.0,0.0,8,0,20,0,0,0,0,0,0.0,525703152746,stations20_drones8_iteration8.plan
767,314,681736,7,22326.4252,7104.7,0.0,0.000,0.0,0.0,8,0,20,0,0,0,0,0,0.0,686690316178,stations20_drones8_iteration7.plan
715,347,597954,6,20418.2743,7281.9,0.0,0.000,0.0,0.0,8,0,20,0,0,0,0,0,0.0,619931796019,stations20_drones8_iteration6.plan
885,266,676386,5,21385.8259,7933.1,0.0,0.000,0.0,0.0,8,0,20,0,0,0,0,0,0.0,648489329705,stations20_drones8_iteration5.plan
737,262,710564,4,23473.9196,6525.5,0.0,0.000,0.0,0.0,8,0,20,0,0,0,0,0,0.0,726121195506,stations20_drones8_iteration4.plan
839,255,722655,3,24193.5094,7960.0,0.0,0.000,0.0,0.0,8,0,20,0,0,0,0,0,0.0,751482372578,stations20_drones8_iteration3.plan
712,287,636990,2,21493.2428,7514.1,0.0,0.000,0.0,0.0,8,0,20,0,0,0,0,0,0.0,661484768010,stations20_drones8_iteration2.plan
714,238,602305,10,20596.6869,6373.4,0.0,0.000,0.0,0.0,8,0,20,0,0,0,0,0,0.0,635279600135,stations20_drones8_iteration10.plan
630,313,709830,1,22983.9111,8550.7,0.0,0.000,0.0,0.0,8,0,20,0,0,0,0,0,0.0,708558650502,stations20_drones8_iteration1.plan
988,272,649126,9,14466.1636,7392.3,0.0,0.000,0.0,0.0,7,0,20,0,0,0,0,0,0.0,443464329600,stations20_drones7_iteration9.plan
953,334,615579,8,14001.2502,7218.1,0.0,0.000,0.0,0.0,7,0,20,0,0,0,0,0,0.0,434689611224,stations20_drones7_iteration8.plan
611,283,685127,7,14789.5754,7396.5,0.0,0.000,0.0,0.0,7,0,20,0,0,0,0,0,0.0,452756501578,stations20_drones7_iteration7.plan
789,313,717080,6,15649.6194,7773.9,0.0,0.000,0.0,0.0,7,0,20,0,0,0,0,0,0.0,489189316273,stations20_drones7_iteration6.plan
726,329,715067,5,15874.3625,7857.9,0.0,0.000,0.0,0.0,7,0,20,0,0,0,0,0,0.0,488853676934,stations20_drones7_iteration5.plan
988,390,739540,4,17184.4041,7234.9,0.0,0.000,0.0,0.0,7,0,20,0,0,0,0,0,0.0,530828926267,stations20_drones7_iteration4.plan
554,281,679365,3,15220.4284,6954.1,0.0,0.000,0.0,0.0,7,0,20,0,0,0,0,0,0.0,474986634733,stations20_drones7_iteration3.plan
582,276,618308,2,14267.0312,6314.6,0.0,0.000,0.0,0.0,7,0,20,0,0,0,0,0,0.0,441937335645,stations20_drones7_iteration2.plan
855,292,694540,10,15137.9632,8198.4,0.0,0.000,0.0,0.0,7,0,20,0,0,0,0,0,0.0,468372511685,stations20_drones7_iteration10.plan
571,262,716832,1,16349.1433,6765.5,0.0,0.000,0.0,0.0,7,0,20,0,0,0,0,0,0.0,508769311006,stations20_drones7_iteration1.plan
680,372,676683,9,12261.3138,5740.1,0.0,0.000,0.0,0.0,6,0,20,0,0,0,0,0,0.0,383505193748,stations20_drones6_iteration9.plan
724,222,636433,8,11270.6511,6151.4,0.0,0.000,0.0,0.0,6,0,20,0,0,0,0,0,0.0,352104509394,stations20_drones6_iteration8.plan
1017,273,648088,7,11407.6726,6580.0,0.0,0.000,0.0,0.0,6,0,20,0,0,0,0,0,0.0,352733958212,stations20_drones6_iteration7.plan
532,327,581316,6,10507.6321,5201.9,0.0,0.000,0.0,0.0,6,0,20,0,0,0,0,0,0.0,324081929754,stations20_drones6_iteration6.plan
636,252,629920,5,10897.0336,5576.9,0.0,0.000,0.0,0.0,6,0,20,0,0,0,0,0,0.0,337237507209,stations20_drones6_iteration5.plan
742,259,691592,4,13108.9673,5625.0,0.0,0.000,0.0,0.0,6,0,20,0,0,0,0,0,0.0,406514175770,stations20_drones6_iteration4.plan
635,323,634238,3,11488.7486,6097.7,0.0,0.000,0.0,0.0,6,0,20,0,0,0,0,0,0.0,358882403601,stations20_drones6_iteration3.plan
881,290,683405,2,12781.8598,6401.4,0.0,0.000,0.0,0.0,6,0,20,0,0,0,0,0,0.0,400881862089,stations20_drones6_iteration2.plan
1100,270,651606,10,12198.7716,6028.4,0.0,0.000,0.0,0.0,6,0,20,0,0,0,0,0,0.0,376578685926,stations20_drones6_iteration10.plan
650,359,598752,1,11169.6616,5271.8,0.0,0.000,0.0,0.0,6,0,20,0,0,0,0,0,0.0,341887938627,stations20_drones6_iteration1.plan
452,355,682752,9,10931.3661,5501.6,0.0,0.000,0.0,0.0,5,0,20,0,0,0,0,0,0.0,323683011660,stations20_drones5_iteration9.plan
898,303,742994,8,11279.4062,6487.9,0.0,0.000,0.0,0.0,5,0,20,0,0,0,0,0,0.0,351293304803,stations20_drones5_iteration8.plan
783,231,731666,7,11634.7239,6362.5,0.0,0.000,0.0,0.0,5,0,20,0,0,0,0,0,0.0,358725464454,stations20_drones5_iteration7.plan
777,312,674560,6,10634.722,5470.7,0.0,0.000,0.0,0.0,5,0,20,0,0,0,0,0,0.0,331374909973,stations20_drones5_iteration6.plan
749,293,698958,5,10982.9572,6305.5,0.0,0.000,0.0,0.0,5,0,20,0,0,0,0,0,0.0,334518666667,stations20_drones5_iteration5.plan
615,314,733992,4,10975.0817,6064.8,0.0,0.000,0.0,0.0,5,0,20,0,0,0,0,0,0.0,337945012970,stations20_drones5_iteration4.plan
621,238,716094,3,11618.8663,5654.5,0.0,0.000,0.0,0.0,5,0,20,0,0,0,0,0,0.0,360082016812,stations20_drones5_iteration3.plan
610,246,778808,2,12450.6464,5621.7,0.0,0.000,0.0,0.0,5,0,20,0,0,0,0,0,0.0,387035748173,stations20_drones5_iteration2.plan
651,271,643913,10,9869.3222,6110.3,0.0,0.000,0.0,0.0,5,0,20,0,0,0,0,0,0.0,307454775160,stations20_drones5_iteration10.plan
956,311,700264,1,10597.9008,6045.4,0.0,0.000,0.0,0.0,5,0,20,0,0,0,0,0,0.0,326085185564,stations20_drones5_iteration1.plan
624,204,628209,9,9970.434,5649.8,0.0,0.000,0.0,0.0,4,0,20,0,0,0,0,0,0.0,306312169188,stations20_drones4_iteration9.plan
803,246,728220,8,11066.0333,5310.3,0.0,0.000,0.0,0.0,4,0,20,0,0,0,0,0,0.0,340868013452,stations20_drones4_iteration8.plan
698,293,657860,7,10474.1977,5748.4,0.0,0.000,0.0,0.0,4,0,20,0,0,0,0,0,0.0,318653002718,stations20_drones4_iteration7.plan
762,270,601584,6,9576.4807,5109.6,0.0,0.000,0.0,0.0,4,0,20,0,0,0,0,0,0.0,287993398207,stations20_drones4_iteration6.plan
662,145,684964,5,10757.162,6135.7,0.0,0.000,0.0,0.0,4,0,20,0,0,0,0,0,0.0,326876807110,stations20_drones4_iteration5.plan
696,353,685440,4,10827.3899,5804.2,0.0,0.000,0.0,0.0,4,0,20,0,0,0,0,0,0.0,333242466631,stations20_drones4_iteration4.plan
934,233,697167,3,10990.3909,4931.2,0.0,0.000,0.0,0.0,4,0,20,0,0,0,0,0,0.0,337461507458,stations20_drones4_iteration3.plan
802,255,697102,2,10107.0815,5477.0,0.0,0.000,0.0,0.0,4,0,20,0,0,0,0,0,0.0,302047666189,stations20_drones4_iteration2.plan
676,345,738072,10,11365.7915,5517.4,0.0,0.000,0.0,0.0,4,0,20,0,0,0,0,0,0.0,347377740894,stations20_drones4_iteration10.plan
971,347,721941,1,12096.3935,6235.8,0.0,0.000,0.0,0.0,4,0,20,0,0,0,0,0,0.0,360524939931,stations20_drones4_iteration1.plan
550,227,633958,9,12522.93,4632.9,0.0,0.000,0.0,0.0,3,0,20,0,0,0,0,0,0.0,387769510383,stations20_drones3_iteration9.plan
709,324,630477,8,12153.9139,4558.9,0.0,0.000,0.0,0.0,3,0,20,0,0,0,0,0,0.0,370920454414,stations20_drones3_iteration8.plan
618,230,662998,7,12900.0561,4554.0,0.0,0.000,0.0,0.0,3,0,20,0,0,0,0,0,0.0,398714140722,stations20_drones3_iteration7.plan
985,250,713925,6,14313.2896,4870.5,0.0,0.000,0.0,0.0,3,0,20,0,0,0,0,0,0.0,426264493743,stations20_drones3_iteration6.plan
684,184,723044,5,14328.0276,5092.2,0.0,0.000,0.0,0.0,3,0,20,0,0,0,0,0,0.0,444520720728,stations20_drones3_iteration5.plan
942,393,555468,4,11189.7035,4215.5,0.0,0.000,0.0,0.0,3,0,20,0,0,0,0,0,0.0,347452320595,stations20_drones3_iteration4.plan
851,425,675009,3,13539.9862,4454.6,0.0,0.000,0.0,0.0,3,0,20,0,0,0,0,0,0.0,417684244396,stations20_drones3_iteration3.plan
999,226,742929,2,15001.7532,4711.1,0.0,0.000,0.0,0.0,3,0,20,0,0,0,0,0,0.0,455632123984,stations20_drones3_iteration2.plan
862,245,728879,10,14401.1859,4817.1,0.0,0.000,0.0,0.0,3,0,20,0,0,0,0,0,0.0,448415453823,stations20_drones3_iteration10.plan
669,381,623445,1,12820.1227,4368.7,0.0,0.000,0.0,0.0,3,0,20,0,0,0,0,0,0.0,398283007819,stations20_drones3_iteration1.plan
789,441,693216,9,29961.7898,4222.7,0.0,0.000,0.0,0.0,2,0,20,0,0,0,0,0,0.0,907518890549,stations20_drones2_iteration9.plan
972,127,571870,8,26492.6687,3573.0,0.0,0.000,0.0,0.0,2,0,20,0,0,0,0,0,0.0,801625028948,stations20_drones2_iteration8.plan
915,306,763752,7,34641.1553,4042.7,0.0,0.000,0.0,0.0,2,0,20,0,0,0,0,0,0.0,1068209982391,stations20_drones2_iteration7.plan
643,315,683820,6,31596.1852,3767.0,0.0,0.000,0.0,0.0,2,0,20,0,0,0,0,0,0.0,959110662877,stations20_drones2_iteration6.plan
825,447,680400,5,31384.7198,4131.3,0.0,0.000,0.0,0.0,2,0,20,0,0,0,0,0,0.0,954325020024,stations20_drones2_iteration5.plan
629,249,691920,4,29585.8435,3730.3,0.0,0.000,0.0,0.0,2,0,20,0,0,0,0,0,0.0,905062997159,stations20_drones2_iteration4.plan
869,418,707832,3,31527.9219,4268.2,0.0,0.000,0.0,0.0,2,0,20,0,0,0,0,0,0.0,950858864899,stations20_drones2_iteration3.plan
745,400,713216,2,29112.8933,3997.7,0.0,0.000,0.0,0.0,2,0,20,0,0,0,0,0,0.0,879325975405,stations20_drones2_iteration2.plan
942,115,691220,10,31870.2531,3872.7,0.0,0.000,0.0,0.0,2,0,20,0,0,0,0,0,0.0,972173328774,stations20_drones2_iteration10.plan
831,358,683474,1,31778.1391,3934.2,0.0,0.000,0.0,0.0,2,0,20,0,0,0,0,0,0.0,979756574426,stations20_drones2_iteration1.plan
751,206,547932,9,33169.0038,8561.9,0.0,0.000,0.0,0.0,10,0,20,0,0,0,0,0,0.0,1003478020022,stations20_drones10_iteration9.plan
726,262,745290,8,49104.9437,10385.3,0.0,0.000,0.0,0.0,10,0,20,0,0,0,0,0,0.0,1513273264453,stations20_drones10_iteration8.plan
718,287,743424,7,48384.3096,9829.5,0.0,0.000,0.0,0.0,10,0,20,0,0,0,0,0,0.0,1500400538587,stations20_drones10_iteration7.plan
714,297,683688,6,42675.2214,9406.6,0.0,0.000,0.0,0.0,10,0,20,0,0,0,0,0,0.0,1300131747859,stations20_drones10_iteration6.plan
937,336,603092,5,39107.2754,8861.8,0.0,0.000,0.0,0.0,10,0,20,0,0,0,0,0,0.0,1190861990635,stations20_drones10_iteration5.plan
756,274,617472,4,37207.5639,9458.1,0.0,0.000,0.0,0.0,10,0,20,0,0,0,0,0,0.0,1137554527051,stations20_drones10_iteration4.plan
816,312,693420,3,45043.0396,10304.2,0.0,0.000,0.0,0.0,10,0,20,0,0,0,0,0,0.0,1388256976923,stations20_drones10_iteration3.plan
509,334,572785,2,36469.6089,8459.7,0.0,0.000,0.0,0.0,10,0,20,0,0,0,0,0,0.0,1120336461525,stations20_drones10_iteration2.plan
877,301,712842,10,43559.9217,9021.8,0.0,0.000,0.0,0.0,10,0,20,0,0,0,0,0,0.0,1344485342479,stations20_drones10_iteration10.plan
1060,191,730604,1,47422.5026,9810.9,0.0,0.000,0.0,0.0,10,0,20,0,0,0,0,0,0.0,1468796556384,stations20_drones10_iteration1.plan
652,239,488215,9,52922.6747,2914.4,0.0,0.000,0.0,0.0,1,0,20,0,0,0,0,0,0.0,1617083340974,stations20_drones1_iteration9.plan
1262,502,656600,8,70575.8567,3765.5,0.0,0.000,0.0,0.0,1,0,20,0,0,0,0,0,0.0,2153154368055,stations20_drones1_iteration8.plan
1401,219,637334,7,69933.4356,3279.1,0.0,0.000,0.0,0.0,1,0,20,0,0,0,0,0,0.0,2103993399145,stations20_drones1_iteration7.plan
479,66,691932,6,78166.1908,3483.2,0.0,0.000,0.0,0.0,1,0,20,0,0,0,0,0,0.0,2414804563150,stations20_drones1_iteration6.plan
1212,433,678080,5,70338.0701,3350.9,0.0,0.000,0.0,0.0,1,0,20,0,0,0,0,0,0.0,2147988274914,stations20_drones1_iteration5.plan
940,162,688704,4,83270.7538,3440.8,0.0,0.000,0.0,0.0,1,0,20,0,0,0,0,0,0.0,2540360991764,stations20_drones1_iteration4.plan
801,490,581508,3,64098.8059,3215.4,0.0,0.000,0.0,0.0,1,0,20,0,0,0,0,0,0.0,1924864302798,stations20_drones1_iteration3.plan
1171,377,525635,2,55750.1453,2912.5,0.0,0.000,0.0,0.0,1,0,20,0,0,0,0,0,0.0,1707797929494,stations20_drones1_iteration2.plan
1442,567,768345,10,85111.7622,3851.9,0.0,0.000,0.0,0.0,1,0,20,0,0,0,0,0,0.0,2606770069074,stations20_drones1_iteration10.plan
979,113,672300,1,71818.2741,3538.6,0.0,0.000,0.0,0.0,1,0,20,0,0,0,0,0,0.0,2201481741495,stations20_drones1_iteration1.plan
592,189,479245,9,19545.7446,5856.1,0.0,0.000,0.0,0.0,9,0,15,0,0,0,0,0,0.0,593154216766,stations15_drones9_iteration9.plan
688,316,687525,8,28043.8953,7265.1,0.0,0.000,0.0,0.0,9,0,15,0,0,0,0,0,0.0,837722655241,stations15_drones9_iteration8.plan
595,244,671066,7,26491.2306,7819.9,0.0,0.000,0.0,0.0,9,0,15,0,0,0,0,0,0.0,803227894557,stations15_drones9_iteration7.plan
914,328,606648,6,26026.1598,6988.6,0.0,0.000,0.0,0.0,9,0,15,0,0,0,0,0,0.0,770142003899,stations15_drones9_iteration6.plan
492,236,502182,5,20277.0782,6110.5,0.0,0.000,0.0,0.0,9,0,15,0,0,0,0,0,0.0,615241876361,stations15_drones9_iteration5.plan
804,317,495495,4,19676.9709,5721.7,0.0,0.000,0.0,0.0,9,0,15,0,0,0,0,0,0.0,584596210317,stations15_drones9_iteration4.plan
405,317,521136,3,21639.9692,5899.6,0.0,0.000,0.0,0.0,9,0,15,0,0,0,0,0,0.0,641840884330,stations15_drones9_iteration3.plan
853,386,595771,2,23838.3434,8185.8,0.0,0.000,0.0,0.0,9,0,15,0,0,0,0,0,0.0,719320521998,stations15_drones9_iteration2.plan
844,215,653780,10,26793.6981,7846.9,0.0,0.000,0.0,0.0,9,0,15,0,0,0,0,0,0.0,788577194848,stations15_drones9_iteration10.plan
1004,263,648970,1,27512.1936,7170.4,0.0,0.000,0.0,0.0,9,0,15,0,0,0,0,0,0.0,839924646827,stations15_drones9_iteration1.plan
943,359,696150,9,20027.6237,7139.1,0.0,0.000,0.0,0.0,8,0,15,0,0,0,0,0,0.0,603627464398,stations15_drones8_iteration9.plan
845,313,532800,8,16674.866,7143.0,0.0,0.000,0.0,0.0,8,0,15,0,0,0,0,0,0.0,499512295231,stations15_drones8_iteration8.plan
549,293,672690,7,18651.9014,8675.4,0.0,0.000,0.0,0.0,8,0,15,0,0,0,0,0,0.0,569425218873,stations15_drones8_iteration7.plan
920,273,666876,6,20975.7967,8001.3,0.0,0.000,0.0,0.0,8,0,15,0,0,0,0,0,0.0,635116729156,stations15_drones8_iteration6.plan
713,363,483747,5,14087.6472,6576.7,0.0,0.000,0.0,0.0,8,0,15,0,0,0,0,0,0.0,423670792279,stations15_drones8_iteration5.plan
667,225,729932,4,21515.5739,7450.3,0.0,0.000,0.0,0.0,8,0,15,0,0,0,0,0,0.0,633215326710,stations15_drones8_iteration4.plan
719,284,564624,3,17441.4263,8375.7,0.0,0.000,0.0,0.0,8,0,15,0,0,0,0,0,0.0,525820988520,stations15_drones8_iteration3.plan
772,308,635271,2,17640.6531,6716.7,0.0,0.000,0.0,0.0,8,0,15,0,0,0,0,0,0.0,530656104078,stations15_drones8_iteration2.plan
666,337,658788,10,19643.696,6752.2,0.0,0.000,0.0,0.0,8,0,15,0,0,0,0,0,0.0,590500201389,stations15_drones8_iteration10.plan
842,354,484008,1,15725.7688,5655.6,0.0,0.000,0.0,0.0,8,0,15,0,0,0,0,0,0.0,476214198907,stations15_drones8_iteration1.plan
889,240,652048,9,14297.6292,5726.0,0.0,0.000,0.0,0.0,7,0,15,0,0,0,0,0,0.0,434372735763,stations15_drones7_iteration9.plan
551,296,490350,8,11015.7498,4507.3,0.0,0.000,0.0,0.0,7,0,15,0,0,0,0,0,0.0,337415545894,stations15_drones7_iteration8.plan
489,317,699875,7,15563.7568,6450.2,0.0,0.000,0.0,0.0,7,0,15,0,0,0,0,0,0.0,474338993488,stations15_drones7_iteration7.plan
851,410,604102,6,13279.3421,5153.6,0.0,0.000,0.0,0.0,7,0,15,0,0,0,0,0,0.0,396085411165,stations15_drones7_iteration6.plan
855,279,574775,5,13346.9755,5886.5,0.0,0.000,0.0,0.0,7,0,15,0,0,0,0,0,0.0,399242486889,stations15_drones7_iteration5.plan
670,328,698040,4,15573.3183,5713.0,0.0,0.000,0.0,0.0,7,0,15,0,0,0,0,0,0.0,464117141292,stations15_drones7_iteration4.plan
826,246,468531,3,11029.5825,4539.0,0.0,0.000,0.0,0.0,7,0,15,0,0,0,0,0,0.0,332698427116,stations15_drones7_iteration3.plan
915,250,600498,2,13869.5003,5926.4,0.0,0.000,0.0,0.0,7,0,15,0,0,0,0,0,0.0,417873872217,stations15_drones7_iteration2.plan
764,339,645780,10,13352.5716,5053.6,0.0,0.000,0.0,0.0,7,0,15,0,0,0,0,0,0.0,402560141796,stations15_drones7_iteration10.plan
727,361,480116,1,10794.0423,5610.1,0.0,0.000,0.0,0.0,7,0,15,0,0,0,0,0,0.0,322424536680,stations15_drones7_iteration1.plan
767,284,586177,9,9627.5631,5717.3,0.0,0.000,0.0,0.0,6,0,15,0,0,0,0,0,0.0,292278616012,stations15_drones6_iteration9.plan
932,411,515003,8,8168.0355,4057.2,0.0,0.000,0.0,0.0,6,0,15,0,0,0,0,0,0.0,248777011183,stations15_drones6_iteration8.plan
1027,336,571127,7,9854.8594,6416.1,0.0,0.000,0.0,0.0,6,0,15,0,0,0,0,0,0.0,295388860682,stations15_drones6_iteration7.plan
878,395,656370,6,10754.1247,5353.2,0.0,0.000,0.0,0.0,6,0,15,0,0,0,0,0,0.0,325931076226,stations15_drones6_iteration6.plan
869,222,407943,5,6161.0447,3890.6,0.0,0.000,0.0,0.0,6,0,15,0,0,0,0,0,0.0,186361095530,stations15_drones6_iteration5.plan
643,274,601370,4,9727.7003,5233.5,0.0,0.000,0.0,0.0,6,0,15,0,0,0,0,0,0.0,292671254414,stations15_drones6_iteration4.plan
759,436,573696,3,9525.7771,5581.0,0.0,0.000,0.0,0.0,6,0,15,0,0,0,0,0,0.0,282069189034,stations15_drones6_iteration3.plan
679,343,586646,2,9474.2576,5661.6,0.0,0.000,0.0,0.0,6,0,15,0,0,0,0,0,0.0,284517540190,stations15_drones6_iteration2.plan
623,324,478794,10,7864.7139,5102.6,0.0,0.000,0.0,0.0,6,0,15,0,0,0,0,0,0.0,240031859184,stations15_drones6_iteration10.plan
969,271,583389,1,9175.2708,4593.3,0.0,0.000,0.0,0.0,6,0,15,0,0,0,0,0,0.0,277405677531,stations15_drones6_iteration1.plan
858,228,602937,9,7244.3474,6485.9,0.0,0.000,0.0,0.0,5,0,15,0,0,0,0,0,0.0,223859766169,stations15_drones5_iteration9.plan
818,251,560838,8,5930.604,5416.1,0.0,0.000,0.0,0.0,5,0,15,0,0,0,0,0,0.0,181112718967,stations15_drones5_iteration8.plan
779,308,545889,7,6611.2734,5446.7,0.0,0.000,0.0,0.0,5,0,15,0,0,0,0,0,0.0,204032791706,stations15_drones5_iteration7.plan
699,262,313720,6,3947.0957,4091.1,0.0,0.000,0.0,0.0,5,0,15,0,0,0,0,0,0.0,121682958946,stations15_drones5_iteration6.plan
805,231,641502,5,7943.8212,5620.9,0.0,0.000,0.0,0.0,5,0,15,0,0,0,0,0,0.0,242678313058,stations15_drones5_iteration5.plan
914,338,714525,4,8056.0779,6199.5,0.0,0.000,0.0,0.0,5,0,15,0,0,0,0,0,0.0,249973695808,stations15_drones5_iteration4.plan
696,211,687816,3,7178.3124,5706.7,0.0,0.000,0.0,0.0,5,0,15,0,0,0,0,0,0.0,223109723959,stations15_drones5_iteration3.plan
825,345,709917,2,8015.5494,6801.8,0.0,0.000,0.0,0.0,5,0,15,0,0,0,0,0,0.0,247550740371,stations15_drones5_iteration2.plan
692,356,694912,10,8562.3855,6155.5,0.0,0.000,0.0,0.0,5,0,15,0,0,0,0,0,0.0,263464863871,stations15_drones5_iteration10.plan
910,300,739800,1,8881.4481,6045.5,0.0,0.000,0.0,0.0,5,0,15,0,0,0,0,0,0.0,275788602768,stations15_drones5_iteration1.plan
813,260,587775,9,6319.2564,4365.6,0.0,0.000,0.0,0.0,4,0,15,0,0,0,0,0,0.0,193468530767,stations15_drones4_iteration9.plan
800,306,533172,8,4685.2944,4355.3,0.0,0.000,0.0,0.0,4,0,15,0,0,0,0,0,0.0,142471667944,stations15_drones4_iteration8.plan
700,374,605948,7,5560.7637,3953.8,0.0,0.000,0.0,0.0,4,0,15,0,0,0,0,0,0.0,169773057938,stations15_drones4_iteration7.plan
732,311,713136,6,7892.4314,5457.4,0.0,0.000,0.0,0.0,4,0,15,0,0,0,0,0,0.0,243781687330,stations15_drones4_iteration6.plan
712,273,589050,5,5888.6185,4775.7,0.0,0.000,0.0,0.0,4,0,15,0,0,0,0,0,0.0,179248804573,stations15_drones4_iteration5.plan
943,317,557040,4,6211.4106,4626.8,0.0,0.000,0.0,0.0,4,0,15,0,0,0,0,0,0.0,189685754146,stations15_drones4_iteration4.plan
700,167,717596,3,7997.6277,4856.2,0.0,0.000,0.0,0.0,4,0,15,0,0,0,0,0,0.0,248926537948,stations15_drones4_iteration3.plan
778,359,628900,2,6196.3508,4663.5,0.0,0.000,0.0,0.0,4,0,15,0,0,0,0,0,0.0,191090642087,stations15_drones4_iteration2.plan
803,286,526968,10,5882.8127,4574.1,0.0,0.000,0.0,0.0,4,0,15,0,0,0,0,0,0.0,180707854508,stations15_drones4_iteration10.plan
823,385,582818,1,5751.8959,4762.2,0.0,0.000,0.0,0.0,4,0,15,0,0,0,0,0,0.0,177438059177,stations15_drones4_iteration1.plan
1088,276,525538,9,5854.4039,3808.0,0.0,0.000,0.0,0.0,3,0,15,0,0,0,0,0,0.0,179293072652,stations15_drones3_iteration9.plan
596,228,583326,8,6885.2066,4226.7,0.0,0.000,0.0,0.0,3,0,15,0,0,0,0,0,0.0,210445702124,stations15_drones3_iteration8.plan
966,375,646597,7,6531.6795,4724.9,0.0,0.000,0.0,0.0,3,0,15,0,0,0,0,0,0.0,198857434589,stations15_drones3_iteration7.plan
1059,203,682994,6,6347.223,4418.4,0.0,0.000,0.0,0.0,3,0,15,0,0,0,0,0,0.0,194682324940,stations15_drones3_iteration6.plan
1032,301,686000,5,7365.0595,5417.5,0.0,0.000,0.0,0.0,3,0,15,0,0,0,0,0,0.0,226222756735,stations15_drones3_iteration5.plan
566,350,727434,4,8702.3533,4031.2,0.0,0.000,0.0,0.0,3,0,15,0,0,0,0,0,0.0,259760513767,stations15_drones3_iteration4.plan
579,356,674920,3,7212.0119,4652.3,0.0,0.000,0.0,0.0,3,0,15,0,0,0,0,0,0.0,220003650656,stations15_drones3_iteration3.plan
554,444,697103,2,8151.6753,4439.0,0.0,0.000,0.0,0.0,3,0,15,0,0,0,0,0,0.0,249854902196,stations15_drones3_iteration2.plan
638,252,755971,10,8880.5595,4793.5,0.0,0.000,0.0,0.0,3,0,15,0,0,0,0,0,0.0,273878211767,stations15_drones3_iteration10.plan
867,218,511128,1,5928.4099,4069.8,0.0,0.000,0.0,0.0,3,0,15,0,0,0,0,0,0.0,182217518161,stations15_drones3_iteration1.plan
653,425,662490,9,12664.468,3641.0,0.0,0.000,0.0,0.0,2,0,15,0,0,0,0,0,0.0,379283048269,stations15_drones2_iteration9.plan
703,244,436293,8,8871.9822,2930.1,0.0,0.000,0.0,0.0,2,0,15,0,0,0,0,0,0.0,264155966086,stations15_drones2_iteration8.plan
871,362,535458,7,10844.3517,3225.1,0.0,0.000,0.0,0.0,2,0,15,0,0,0,0,0,0.0,329335461620,stations15_drones2_iteration7.plan
1007,127,608454,6,11609.8626,3616.7,0.0,0.000,0.0,0.0,2,0,15,0,0,0,0,0,0.0,347287242530,stations15_drones2_iteration6.plan
948,369,688713,5,13661.2329,3703.8,0.0,0.000,0.0,0.0,2,0,15,0,0,0,0,0,0.0,413574133905,stations15_drones2_iteration5.plan
482,335,761466,4,15102.9781,3700.7,0.0,0.000,0.0,0.0,2,0,15,0,0,0,0,0,0.0,446723974312,stations15_drones2_iteration4.plan
754,300,642720,3,12808.6436,3736.7,0.0,0.000,0.0,0.0,2,0,15,0,0,0,0,0,0.0,389901145796,stations15_drones2_iteration3.plan
971,208,535752,2,10926.3906,2933.6,0.0,0.000,0.0,0.0,2,0,15,0,0,0,0,0,0.0,330240834431,stations15_drones2_iteration2.plan
628,327,594033,10,12235.0955,3422.6,0.0,0.000,0.0,0.0,2,0,15,0,0,0,0,0,0.0,361095086432,stations15_drones2_iteration10.plan
538,424,725400,1,14479.9159,3770.4,0.0,0.000,0.0,0.0,2,0,15,0,0,0,0,0,0.0,427973048402,stations15_drones2_iteration1.plan
872,237,491287,9,26920.6888,6992.3,0.0,0.000,0.0,0.0,10,0,15,0,0,0,0,0,0.0,815621007596,stations15_drones10_iteration9.plan
881,260,485688,8,28842.263,5704.7,0.0,0.000,0.0,0.0,10,0,15,0,0,0,0,0,0.0,865350287241,stations15_drones10_iteration8.plan
934,242,636465,7,34265.1817,7728.2,0.0,0.000,0.0,0.0,10,0,15,0,0,0,0,0,0.0,1037030332247,stations15_drones10_iteration7.plan
639,321,462870,6,25191.6685,8148.5,0.0,0.000,0.0,0.0,10,0,15,0,0,0,0,0,0.0,764995759702,stations15_drones10_iteration6.plan
614,214,687690,5,38323.5402,7109.8,0.0,0.000,0.0,0.0,10,0,15,0,0,0,0,0,0.0,1159736810952,stations15_drones10_iteration5.plan
687,249,660212,4,32398.4745,7519.2,0.0,0.000,0.0,0.0,10,0,15,0,0,0,0,0,0.0,991882970580,stations15_drones10_iteration4.plan
929,361,633090,3,31753.3604,7147.9,0.0,0.000,0.0,0.0,10,0,15,0,0,0,0,0,0.0,967622583796,stations15_drones10_iteration3.plan
418,288,755862,2,39857.0868,8056.8,0.0,0.000,0.0,0.0,10,0,15,0,0,0,0,0,0.0,1221874195522,stations15_drones10_iteration2.plan
661,359,554880,10,30143.7913,6327.3,0.0,0.000,0.0,0.0,10,0,15,0,0,0,0,0,0.0,904046649504,stations15_drones10_iteration10.plan
751,173,694220,1,37272.7624,7822.0,0.0,0.000,0.0,0.0,10,0,15,0,0,0,0,0,0.0,1121278053888,stations15_drones10_iteration1.plan
1398,517,610984,9,28960.2867,3826.6,0.0,0.000,0.0,0.0,1,0,15,0,0,0,0,0,0.0,876808227570,stations15_drones1_iteration9.plan
1294,174,483756,8,22280.2525,2869.7,0.0,0.000,0.0,0.0,1,0,15,0,0,0,0,0,0.0,667195363875,stations15_drones1_iteration8.plan
904,474,654314,7,30946.853,3399.0,0.0,0.000,0.0,0.0,1,0,15,0,0,0,0,0,0.0,934167380777,stations15_drones1_iteration7.plan
1345,74,631430,6,27871.3912,3268.7,0.0,0.000,0.0,0.0,1,0,15,0,0,0,0,0,0.0,845202200826,stations15_drones1_iteration6.plan
565,338,629928,5,29351.2748,3483.7,0.0,0.000,0.0,0.0,1,0,15,0,0,0,0,0,0.0,879402367921,stations15_drones1_iteration5.plan
1143,62,539232,4,26454.7037,3039.7,0.0,0.000,0.0,0.0,1,0,15,0,0,0,0,0,0.0,798293709522,stations15_drones1_iteration4.plan
801,207,708890,3,33638.8262,3742.3,0.0,0.000,0.0,0.0,1,0,15,0,0,0,0,0,0.0,1018213016198,stations15_drones1_iteration3.plan
1007,111,548080,2,26599.2043,3259.2,0.0,0.000,0.0,0.0,1,0,15,0,0,0,0,0,0.0,806853572521,stations15_drones1_iteration2.plan
1393,448,642910,10,32420.5133,3570.0,0.0,0.000,0.0,0.0,1,0,15,0,0,0,0,0,0.0,992398373861,stations15_drones1_iteration10.plan
751,471,551862,1,25691.0495,3281.7,0.0,0.000,0.0,0.0,1,0,15,0,0,0,0,0,0.0,775320914524,stations15_drones1_iteration1.plan
814,241,774720,9,1875504.0964,11457.1,0.0,0.000,0.0,0.0,9,0,100,0,0,0,0,0,0.0,57339967478374,stations100_drones9_iteration9.plan
767,390,762174,8,1851234.432,11724.2,0.0,0.000,0.0,0.0,9,0,100,0,0,0,0,0,0.0,56137012183092,stations100_drones9_iteration8.plan
864,224,764400,7,1868167.3831,11305.1,0.0,0.000,0.0,0.0,9,0,100,0,0,0,0,0,0.0,57005330737803,stations100_drones9_iteration7.plan
774,333,766382,6,1847235.3718,11802.6,0.0,0.000,0.0,0.0,9,0,100,0,0,0,0,0,0.0,56255941764877,stations100_drones9_iteration6.plan
716,359,795872,5,1921638.8063,11604.2,0.0,0.000,0.0,0.0,9,0,100,0,0,0,0,0,0.0,59003167782765,stations100_drones9_iteration5.plan
785,345,760324,4,1852049.1141,11415.0,0.0,0.000,0.0,0.0,9,0,100,0,0,0,0,0,0.0,56583343846937,stations100_drones9_iteration4.plan
976,333,779396,3,1924366.6254,11907.5,0.0,0.000,0.0,0.0,9,0,100,0,0,0,0,0,0.0,58060963639229,stations100_drones9_iteration3.plan
871,292,769974,2,1869726.2723,11415.2,0.0,0.000,0.0,0.0,9,0,100,0,0,0,0,0,0.0,57546257624702,stations100_drones9_iteration2.plan
714,285,778977,10,1896635.7741,11888.1,0.0,0.000,0.0,0.0,9,0,100,0,0,0,0,0,0.0,57520955744233,stations100_drones9_iteration10.plan
878,302,762192,1,1879616.2312,11660.2,0.0,0.000,0.0,0.0,9,0,100,0,0,0,0,0,0.0,57224901890242,stations100_drones9_iteration1.plan
738,395,606980,6,19930.8334,4852.9,0.0,0.000,0.0,0.0,9,0,10,0,0,0,0,0,0.0,612652674118,stations10_drones9_iteration6.plan
442,304,405980,5,13370.8959,4768.4,0.0,0.000,0.0,0.0,9,0,10,0,0,0,0,0,0.0,414524957319,stations10_drones9_iteration5.plan
1127,350,573990,4,22596.9014,4032.9,0.0,0.000,0.0,0.0,9,0,10,0,0,0,0,0,0.0,695940661823,stations10_drones9_iteration4.plan
516,253,696960,3,22951.3126,5501.8,0.0,0.000,0.0,0.0,9,0,10,0,0,0,0,0,0.0,716474975092,stations10_drones9_iteration3.plan
613,282,640930,2,21585.9751,4749.7,0.0,0.000,0.0,0.0,9,0,10,0,0,0,0,0,0.0,670921855300,stations10_drones9_iteration2.plan
667,286,503157,10,16666.2859,6488.5,0.0,0.000,0.0,0.0,9,0,10,0,0,0,0,0,0.0,512525723731,stations10_drones9_iteration10.plan
547,427,415708,1,13760.0196,4662.6,0.0,0.000,0.0,0.0,9,0,10,0,0,0,0,0,0.0,425855363453,stations10_drones9_iteration1.plan
688,386,584307,9,15143.4518,4580.0,0.0,0.000,0.0,0.0,8,0,10,0,0,0,0,0,0.0,463721796860,stations10_drones8_iteration9.plan
657,335,637056,8,15804.4119,5123.2,0.0,0.000,0.0,0.0,8,0,10,0,0,0,0,0,0.0,486783811303,stations10_drones8_iteration8.plan
1040,336,532838,7,12507.7893,5126.8,0.0,0.000,0.0,0.0,8,0,10,0,0,0,0,0,0.0,382364526788,stations10_drones8_iteration7.plan
1046,287,717692,6,17241.6912,5055.0,0.0,0.000,0.0,0.0,8,0,10,0,0,0,0,0,0.0,536428398151,stations10_drones8_iteration6.plan
762,161,556698,5,13806.2306,4623.1,0.0,0.000,0.0,0.0,8,0,10,0,0,0,0,0,0.0,425911269014,stations10_drones8_iteration5.plan
790,410,522000,4,12602.9475,4793.7,0.0,0.000,0.0,0.0,8,0,10,0,0,0,0,0,0.0,384159848957,stations10_drones8_iteration4.plan
827,308,689830,3,18344.579,5673.3,0.0,0.000,0.0,0.0,8,0,10,0,0,0,0,0,0.0,563934977771,stations10_drones8_iteration3.plan
786,374,508036,2,12588.511,4043.0,0.0,0.000,0.0,0.0,8,0,10,0,0,0,0,0,0.0,386932133148,stations10_drones8_iteration2.plan
594,386,440700,10,10392.1914,4555.0,0.0,0.000,0.0,0.0,8,0,10,0,0,0,0,0,0.0,318545484376,stations10_drones8_iteration10.plan
817,226,397719,1,9742.5405,4293.6,0.0,0.000,0.0,0.0,8,0,10,0,0,0,0,0,0.0,296309194505,stations10_drones8_iteration1.plan
329,286,493920,9,8615.2667,4649.1,0.0,0.000,0.0,0.0,7,0,10,0,0,0,0,0,0.0,263137446240,stations10_drones7_iteration9.plan
1060,289,616512,8,10403.5774,5969.1,0.0,0.000,0.0,0.0,7,0,10,0,0,0,0,0,0.0,316827278804,stations10_drones7_iteration8.plan
717,432,572012,7,9957.6871,5307.9,0.0,0.000,0.0,0.0,7,0,10,0,0,0,0,0,0.0,305356935185,stations10_drones7_iteration7.plan
967,319,371735,6,6439.9029,3844.7,0.0,0.000,0.0,0.0,7,0,10,0,0,0,0,0,0.0,196324129410,stations10_drones7_iteration6.plan
708,247,599380,5,10398.878,5650.9,0.0,0.000,0.0,0.0,7,0,10,0,0,0,0,0,0.0,317967374514,stations10_drones7_iteration5.plan
698,243,445434,4,9353.511,4447.8,0.0,0.000,0.0,0.0,7,0,10,0,0,0,0,0,0.0,285389037757,stations10_drones7_iteration4.plan
697,442,471772,3,8464.4358,4522.0,0.0,0.000,0.0,0.0,7,0,10,0,0,0,0,0,0.0,256250768283,stations10_drones7_iteration3.plan
605,298,392084,2,7242.79,3755.0,0.0,0.000,0.0,0.0,7,0,10,0,0,0,0,0,0.0,220234737730,stations10_drones7_iteration2.plan
552,310,633042,10,10976.9803,5490.5,0.0,0.000,0.0,0.0,7,0,10,0,0,0,0,0,0.0,338948959583,stations10_drones7_iteration10.plan
889,372,558936,1,10858.2203,4832.2,0.0,0.000,0.0,0.0,7,0,10,0,0,0,0,0,0.0,333338700212,stations10_drones7_iteration1.plan
648,362,555938,9,7796.7103,5493.5,0.0,0.000,0.0,0.0,6,0,10,0,0,0,0,0,0.0,239052518265,stations10_drones6_iteration9.plan
971,386,438354,8,5314.7477,4200.6,0.0,0.000,0.0,0.0,6,0,10,0,0,0,0,0,0.0,162165827176,stations10_drones6_iteration8.plan
493,300,536520,7,7203.9869,4463.9,0.0,0.000,0.0,0.0,6,0,10,0,0,0,0,0,0.0,219742071950,stations10_drones6_iteration7.plan
812,258,395928,6,5574.4091,5238.0,0.0,0.000,0.0,0.0,6,0,10,0,0,0,0,0,0.0,167436625251,stations10_drones6_iteration6.plan
617,151,572997,5,7342.1304,3968.2,0.0,0.000,0.0,0.0,6,0,10,0,0,0,0,0,0.0,220726074483,stations10_drones6_iteration5.plan
610,375,641538,4,8567.1833,5391.8,0.0,0.000,0.0,0.0,6,0,10,0,0,0,0,0,0.0,261968192382,stations10_drones6_iteration4.plan
907,197,471224,3,6617.9927,4862.3,0.0,0.000,0.0,0.0,6,0,10,0,0,0,0,0,0.0,202295116317,stations10_drones6_iteration3.plan
496,376,564750,2,7190.7063,6080.5,0.0,0.000,0.0,0.0,6,0,10,0,0,0,0,0,0.0,216055048090,stations10_drones6_iteration2.plan
655,240,541020,10,7571.1841,4882.3,0.0,0.000,0.0,0.0,6,0,10,0,0,0,0,0,0.0,232582132761,stations10_drones6_iteration10.plan
919,271,611030,1,8483.6475,5274.9,0.0,0.000,0.0,0.0,6,0,10,0,0,0,0,0,0.0,258563392150,stations10_drones6_iteration1.plan
782,272,482560,9,4510.927,5334.2,0.0,0.000,0.0,0.0,5,0,10,0,0,0,0,0,0.0,135064205904,stations10_drones5_iteration9.plan
476,495,211670,8,1836.657,3350.9,0.0,0.000,0.0,0.0,5,0,10,0,0,0,0,0,0.0,53661138289,stations10_drones5_iteration8.plan
439,329,381507,7,3564.1095,3904.4,0.0,0.000,0.0,0.0,5,0,10,0,0,0,0,0,0.0,106218351155,stations10_drones5_iteration7.plan
705,149,286212,6,2712.4527,4428.4,0.0,0.000,0.0,0.0,5,0,10,0,0,0,0,0,0.0,80989522069,stations10_drones5_iteration6.plan
814,243,506583,5,4838.0803,4652.6,0.0,0.000,0.0,0.0,5,0,10,0,0,0,0,0,0.0,146260295577,stations10_drones5_iteration5.plan
717,390,508184,4,4825.2094,5317.7,0.0,0.000,0.0,0.0,5,0,10,0,0,0,0,0,0.0,146417740973,stations10_drones5_iteration4.plan
932,299,477540,3,3917.1444,4177.7,0.0,0.000,0.0,0.0,5,0,10,0,0,0,0,0,0.0,119575091986,stations10_drones5_iteration3.plan
653,275,485304,2,4245.7654,5049.3,0.0,0.000,0.0,0.0,5,0,10,0,0,0,0,0,0.0,124792727302,stations10_drones5_iteration2.plan
1133,194,446675,10,4268.6112,4596.8,0.0,0.000,0.0,0.0,5,0,10,0,0,0,0,0,0.0,128330640376,stations10_drones5_iteration10.plan
535,362,548226,1,5169.0466,4656.9,0.0,0.000,0.0,0.0,5,0,10,0,0,0,0,0,0.0,156902837750,stations10_drones5_iteration1.plan
765,137,554206,9,4392.7381,4701.0,0.0,0.000,0.0,0.0,4,0,10,0,0,0,0,0,0.0,129834383234,stations10_drones4_iteration9.plan
871,233,395577,8,2924.2094,3246.9,0.0,0.000,0.0,0.0,4,0,10,0,0,0,0,0,0.0,86468238590,stations10_drones4_iteration8.plan
474,358,566618,7,3796.596,4070.5,0.0,0.000,0.0,0.0,4,0,10,0,0,0,0,0,0.0,114210210790,stations10_drones4_iteration7.plan
389,239,489204,6,3646.3425,4212.6,0.0,0.000,0.0,0.0,4,0,10,0,0,0,0,0,0.0,107422215060,stations10_drones4_iteration6.plan
815,402,594964,5,4379.9278,4246.1,0.0,0.000,0.0,0.0,4,0,10,0,0,0,0,0,0.0,125530202420,stations10_drones4_iteration5.plan
800,316,630292,4,4362.8917,4330.4,0.0,0.000,0.0,0.0,4,0,10,0,0,0,0,0,0.0,132089283927,stations10_drones4_iteration4.plan
871,341,675024,3,4622.2483,4481.9,0.0,0.000,0.0,0.0,4,0,10,0,0,0,0,0,0.0,138216409123,stations10_drones4_iteration3.plan
942,460,655592,2,4965.6634,4687.2,0.0,0.000,0.0,0.0,4,0,10,0,0,0,0,0,0.0,147518273528,stations10_drones4_iteration2.plan
988,445,692424,10,4418.7462,4725.1,0.0,0.000,0.0,0.0,4,0,10,0,0,0,0,0,0.0,132027696255,stations10_drones4_iteration10.plan
785,394,716090,1,4535.4694,4545.6,0.0,0.000,0.0,0.0,4,0,10,0,0,0,0,0,0.0,134605393434,stations10_drones4_iteration1.plan
673,240,631905,9,4316.9427,3323.3,0.0,0.000,0.0,0.0,3,0,10,0,0,0,0,0,0.0,130263569385,stations10_drones3_iteration9.plan
790,239,392040,8,2636.586,2838.1,0.0,0.000,0.0,0.0,3,0,10,0,0,0,0,0,0.0,78511155824,stations10_drones3_iteration8.plan
680,230,586872,7,4056.9278,3740.7,0.0,0.000,0.0,0.0,3,0,10,0,0,0,0,0,0.0,119550070210,stations10_drones3_iteration7.plan
691,302,623733,6,4533.6972,4137.2,0.0,0.000,0.0,0.0,3,0,10,0,0,0,0,0,0.0,137464612917,stations10_drones3_iteration6.plan
768,252,592860,5,3807.7514,3230.6,0.0,0.000,0.0,0.0,3,0,10,0,0,0,0,0,0.0,112799931594,stations10_drones3_iteration5.plan
630,170,619710,4,4104.1431,3896.0,0.0,0.000,0.0,0.0,3,0,10,0,0,0,0,0,0.0,122138315377,stations10_drones3_iteration4.plan
493,257,486381,3,3109.2633,2838.0,0.0,0.000,0.0,0.0,3,0,10,0,0,0,0,0,0.0,93936231383,stations10_drones3_iteration3.plan
926,363,677586,2,4168.2644,3597.0,0.0,0.000,0.0,0.0,3,0,10,0,0,0,0,0,0.0,123283185886,stations10_drones3_iteration2.plan
727,278,577320,10,3482.9256,3661.0,0.0,0.000,0.0,0.0,3,0,10,0,0,0,0,0,0.0,104549365831,stations10_drones3_iteration10.plan
650,388,492304,1,3346.9153,3480.3,0.0,0.000,0.0,0.0,3,0,10,0,0,0,0,0,0.0,99916550086,stations10_drones3_iteration1.plan
798,195,415063,9,2793.6657,2827.0,0.0,0.000,0.0,0.0,2,0,10,0,0,0,0,0,0.0,82926026056,stations10_drones2_iteration9.plan
582,332,728784,8,4978.6505,3399.5,0.0,0.000,0.0,0.0,2,0,10,0,0,0,0,0,0.0,149568887926,stations10_drones2_iteration8.plan
988,390,432523,7,3261.919,3057.7,0.0,0.000,0.0,0.0,2,0,10,0,0,0,0,0,0.0,98233691388,stations10_drones2_iteration7.plan
551,353,320732,6,2172.6703,2400.9,0.0,0.000,0.0,0.0,2,0,10,0,0,0,0,0,0.0,64996301192,stations10_drones2_iteration6.plan
299,376,463680,5,3590.5928,2891.4,0.0,0.000,0.0,0.0,2,0,10,0,0,0,0,0,0.0,106863054642,stations10_drones2_iteration5.plan
574,232,445361,4,3546.1411,2798.0,0.0,0.000,0.0,0.0,2,0,10,0,0,0,0,0,0.0,106316878714,stations10_drones2_iteration4.plan
1034,396,597061,3,4372.6474,3236.2,0.0,0.000,0.0,0.0,2,0,10,0,0,0,0,0,0.0,130372221680,stations10_drones2_iteration3.plan
855,157,504931,2,3807.2151,3250.4,0.0,0.000,0.0,0.0,2,0,10,0,0,0,0,0,0.0,114512953233,stations10_drones2_iteration2.plan
694,201,568008,10,4267.7719,3405.5,0.0,0.000,0.0,0.0,2,0,10,0,0,0,0,0,0.0,127839933629,stations10_drones2_iteration10.plan
373,290,529254,1,4206.7546,2959.7,0.0,0.000,0.0,0.0,2,0,10,0,0,0,0,0,0.0,125507225163,stations10_drones2_iteration1.plan
483,204,525676,9,14665.6732,8710.7,0.0,0.000,0.0,0.0,10,0,10,0,0,0,0,0,0.0,452803934149,stations10_drones10_iteration9.plan
1005,206,530682,8,14625.1034,6062.0,0.0,0.000,0.0,0.0,10,0,10,0,0,0,0,0,0.0,450741134108,stations10_drones10_iteration8.plan
866,278,424620,7,11892.3988,6704.6,0.0,0.000,0.0,0.0,10,0,10,0,0,0,0,0,0.0,366171962435,stations10_drones10_iteration7.plan
1185,304,643430,6,17919.7016,9403.4,0.0,0.000,0.0,0.0,10,0,10,0,0,0,0,0,0.0,555445080118,stations10_drones10_iteration6.plan
870,212,648388,5,18126.1516,7209.8,0.0,0.000,0.0,0.0,10,0,10,0,0,0,0,0,0.0,562588825227,stations10_drones10_iteration5.plan
942,335,700112,4,19042.8244,7853.8,0.0,0.000,0.0,0.0,10,0,10,0,0,0,0,0,0.0,579326547499,stations10_drones10_iteration4.plan
807,291,397838,3,11213.8146,6834.3,0.0,0.000,0.0,0.0,10,0,10,0,0,0,0,0,0.0,340630624258,stations10_drones10_iteration3.plan
969,246,652036,2,17732.8964,7162.1,0.0,0.000,0.0,0.0,10,0,10,0,0,0,0,0,0.0,545552964622,stations10_drones10_iteration2.plan
760,367,459918,10,12779.8489,6256.0,0.0,0.000,0.0,0.0,10,0,10,0,0,0,0,0,0.0,391208783008,stations10_drones10_iteration10.plan
1000,322,588896,1,15779.4733,7967.4,0.0,0.000,0.0,0.0,10,0,10,0,0,0,0,0,0.0,489500643136,stations10_drones10_iteration1.plan
1354,348,613970,9,9323.7888,3084.1,0.0,0.000,0.0,0.0,1,0,10,0,0,0,0,0,0.0,283544243309,stations10_drones1_iteration9.plan
794,143,571135,8,8213.1057,2593.9,0.0,0.000,0.0,0.0,1,0,10,0,0,0,0,0,0.0,251308978505,stations10_drones1_iteration8.plan
1048,66,501125,7,8033.6473,2837.6,0.0,0.000,0.0,0.0,1,0,10,0,0,0,0,0,0.0,243331232358,stations10_drones1_iteration7.plan
845,71,616926,6,9303.7842,3116.2,0.0,0.000,0.0,0.0,1,0,10,0,0,0,0,0,0.0,283573537953,stations10_drones1_iteration6.plan
1011,543,552805,5,8184.1174,2848.2,0.0,0.000,0.0,0.0,1,0,10,0,0,0,0,0,0.0,250418021270,stations10_drones1_iteration5.plan
1152,123,376350,4,5741.7781,2420.7,0.0,0.000,0.0,0.0,1,0,10,0,0,0,0,0,0.0,176869940144,stations10_drones1_iteration4.plan
1290,335,598932,3,9173.1496,2749.0,0.0,0.000,0.0,0.0,1,0,10,0,0,0,0,0,0.0,282211690598,stations10_drones1_iteration3.plan
250,339,491883,2,7432.8744,2819.9,0.0,0.000,0.0,0.0,1,0,10,0,0,0,0,0,0.0,227940056920,stations10_drones1_iteration2.plan
1047,164,388864,10,5781.2656,2396.9,0.0,0.000,0.0,0.0,1,0,10,0,0,0,0,0,0.0,174533832367,stations10_drones1_iteration10.plan
1412,459,703438,1,11430.0502,3601.2,0.0,0.000,0.0,0.0,1,0,10,0,0,0,0,0,0.0,349954559800,stations10_drones1_iteration1.plan
592,311,475760,9,16394.3958,4621.8,0.0,0.000,0.0,0.0,9,0,10,0,0,0,0,0,0.0,511835589153,stations10_drones9_iteration9.plan
1004,267,387855,8,13490.3051,3261.4,0.0,0.000,0.0,0.0,9,0,10,0,0,0,0,0,0.0,411425595494,stations10_drones9_iteration8.plan
655,208,566618,7,18958.3199,5285.6,0.0,0.000,0.0,0.0,9,0,10,0,0,0,0,0,0.0,592862333935,stations10_drones9_iteration7.plan
713,237,783732,9,1912633.5363,10976.2,0.0,0.000,0.0,0.0,8,0,100,0,0,0,0,0,0.0,57993773786277,stations100_drones8_iteration9.plan
712,239,781488,8,1908187.8202,10865.5,0.0,0.000,0.0,0.0,8,0,100,0,0,0,0,0,0.0,58535796561578,stations100_drones8_iteration8.plan
677,248,749772,7,1823575.8338,11120.1,0.0,0.000,0.0,0.0,8,0,100,0,0,0,0,0,0.0,55726402999915,stations100_drones8_iteration7.plan
883,269,787696,6,1900549.1353,10869.3,0.0,0.000,0.0,0.0,8,0,100,0,0,0,0,0,0.0,58501953466122,stations100_drones8_iteration6.plan
831,294,769302,5,1857891.9498,10659.4,0.0,0.000,0.0,0.0,8,0,100,0,0,0,0,0,0.0,57047482851508,stations100_drones8_iteration5.plan
543,354,765252,4,1853356.9778,11356.2,0.0,0.000,0.0,0.0,8,0,100,0,0,0,0,0,0.0,56070194899442,stations100_drones8_iteration4.plan
704,314,780122,3,1912329.2844,11503.4,0.0,0.000,0.0,0.0,8,0,100,0,0,0,0,0,0.0,58175968412237,stations100_drones8_iteration3.plan
673,314,781776,2,1893082.487,11698.5,0.0,0.000,0.0,0.0,8,0,100,0,0,0,0,0,0.0,57749240512748,stations100_drones8_iteration2.plan
727,281,771492,10,1878037.2992,11086.8,0.0,0.000,0.0,0.0,8,0,100,0,0,0,0,0,0.0,57469864509095,stations100_drones8_iteration10.plan
683,300,788436,1,1945713.1822,11608.3,0.0,0.000,0.0,0.0,8,0,100,0,0,0,0,0,0.0,59489954037215,stations100_drones8_iteration1.plan
766,296,778650,9,1876398.6557,10532.2,0.0,0.000,0.0,0.0,7,0,100,0,0,0,0,0,0.0,57723669363156,stations100_drones7_iteration9.plan
755,190,793152,8,1943748.0357,10313.3,0.0,0.000,0.0,0.0,7,0,100,0,0,0,0,0,0.0,60439451527861,stations100_drones7_iteration8.plan
763,385,772464,7,1895637.2827,10318.1,0.0,0.000,0.0,0.0,7,0,100,0,0,0,0,0,0.0,58497607607046,stations100_drones7_iteration7.plan
746,260,774900,6,1893593.3843,10122.0,0.0,0.000,0.0,0.0,7,0,100,0,0,0,0,0,0.0,58207582196812,stations100_drones7_iteration6.plan
675,354,778038,5,1920750.9043,10789.7,0.0,0.000,0.0,0.0,7,0,100,0,0,0,0,0,0.0,58889626758357,stations100_drones7_iteration5.plan
872,341,777510,4,1922704.8117,10513.4,0.0,0.000,0.0,0.0,7,0,100,0,0,0,0,0,0.0,59819175690477,stations100_drones7_iteration4.plan
811,340,783240,3,1938702.1098,10319.9,0.0,0.000,0.0,0.0,7,0,100,0,0,0,0,0,0.0,59434534691894,stations100_drones7_iteration3.plan
658,412,763623,2,1914114.2704,10244.5,0.0,0.000,0.0,0.0,7,0,100,0,0,0,0,0,0.0,59165768404674,stations100_drones7_iteration2.plan
746,296,753825,10,1856982.6133,10644.9,0.0,0.000,0.0,0.0,7,0,100,0,0,0,0,0,0.0,57729748053919,stations100_drones7_iteration10.plan
852,261,765050,1,1867996.5313,10482.5,0.0,0.000,0.0,0.0,7,0,100,0,0,0,0,0,0.0,57939680036726,stations100_drones7_iteration1.plan
831,309,750480,9,1855313.1269,9910.5,0.0,0.000,0.0,0.0,6,0,100,0,0,0,0,0,0.0,58341700455273,stations100_drones6_iteration9.plan
699,235,773089,8,1903018.4425,9766.5,0.0,0.000,0.0,0.0,6,0,100,0,0,0,0,0,0.0,60064975794952,stations100_drones6_iteration8.plan
751,259,784450,7,1953512.4609,9573.6,0.0,0.000,0.0,0.0,6,0,100,0,0,0,0,0,0.0,60621356525626,stations100_drones6_iteration7.plan
674,228,776160,6,1932823.7613,9312.0,0.0,0.000,0.0,0.0,6,0,100,0,0,0,0,0,0.0,60554357054649,stations100_drones6_iteration6.plan
746,302,771400,5,1905535.7428,10076.4,0.0,0.000,0.0,0.0,6,0,100,0,0,0,0,0,0.0,59436181824888,stations100_drones6_iteration5.plan
894,284,792565,4,1954280.8303,10064.2,0.0,0.000,0.0,0.0,6,0,100,0,0,0,0,0,0.0,60598320967810,stations100_drones6_iteration4.plan
718,246,776144,3,1926502.773,9946.0,0.0,0.000,0.0,0.0,6,0,100,0,0,0,0,0,0.0,60096149085801,stations100_drones6_iteration3.plan
794,324,764220,2,1905086.6824,10037.5,0.0,0.000,0.0,0.0,6,0,100,0,0,0,0,0,0.0,59029101317418,stations100_drones6_iteration2.plan
736,393,767910,10,1911341.5646,9918.0,0.0,0.000,0.0,0.0,6,0,100,0,0,0,0,0,0.0,59617526651403,stations100_drones6_iteration10.plan
774,247,757737,1,1876042.4417,9094.5,0.0,0.000,0.0,0.0,6,0,100,0,0,0,0,0,0.0,58911069572257,stations100_drones6_iteration1.plan
825,346,780100,9,1995083.3044,9158.6,0.0,0.000,0.0,0.0,5,0,100,0,0,0,0,0,0.0,62876935379549,stations100_drones5_iteration9.plan
680,284,762818,8,1915472.1446,9781.9,0.0,0.000,0.0,0.0,5,0,100,0,0,0,0,0,0.0,60063591724497,stations100_drones5_iteration8.plan
707,367,769878,7,1934823.819,9168.6,0.0,0.000,0.0,0.0,5,0,100,0,0,0,0,0,0.0,61445423866613,stations100_drones5_iteration7.plan
719,152,751010,6,1876470.0132,9064.9,0.0,0.000,0.0,0.0,5,0,100,0,0,0,0,0,0.0,59267227962719,stations100_drones5_iteration6.plan
816,380,796068,5,2007046.1526,9370.6,0.0,0.000,0.0,0.0,5,0,100,0,0,0,0,0,0.0,63319485350043,stations100_drones5_iteration5.plan
851,331,782310,4,1973262.0571,9265.4,0.0,0.000,0.0,0.0,5,0,100,0,0,0,0,0,0.0,62348252020335,stations100_drones5_iteration4.plan
627,263,772376,3,1935266.7656,9443.5,0.0,0.000,0.0,0.0,5,0,100,0,0,0,0,0,0.0,61462778366270,stations100_drones5_iteration3.plan
759,276,786240,2,1993308.9597,9081.5,0.0,0.000,0.0,0.0,5,0,100,0,0,0,0,0,0.0,62677890181659,stations100_drones5_iteration2.plan
857,287,718362,10,1845850.8677,8901.2,0.0,0.000,0.0,0.0,5,0,100,0,0,0,0,0,0.0,58276876242381,stations100_drones5_iteration10.plan
690,229,767892,1,1952707.2879,9589.7,0.0,0.000,0.0,0.0,5,0,100,0,0,0,0,0,0.0,61431153738570,stations100_drones5_iteration1.plan
690,429,782628,9,2016226.0325,9217.0,0.0,0.000,0.0,0.0,4,0,100,0,0,0,0,0,0.0,63905471338049,stations100_drones4_iteration9.plan
992,222,781378,8,2000879.5853,9067.2,0.0,0.000,0.0,0.0,4,0,100,0,0,0,0,0,0.0,63466962725618,stations100_drones4_iteration8.plan
1090,391,771282,7,1983256.4933,9474.3,0.0,0.000,0.0,0.0,4,0,100,0,0,0,0,0,0.0,62818964602119,stations100_drones4_iteration7.plan
660,278,786984,6,2029931.6038,9345.8,0.0,0.000,0.0,0.0,4,0,100,0,0,0,0,0,0.0,64191956528991,stations100_drones4_iteration6.plan
926,262,749592,5,1945622.1858,8749.6,0.0,0.000,0.0,0.0,4,0,100,0,0,0,0,0,0.0,61344657641202,stations100_drones4_iteration5.plan
695,276,798798,4,2066325.4255,9023.7,0.0,0.000,0.0,0.0,4,0,100,0,0,0,0,0,0.0,64921172716919,stations100_drones4_iteration4.plan
342,260,788800,3,2057333.7077,9289.0,0.0,0.000,0.0,0.0,4,0,100,0,0,0,0,0,0.0,64899256144023,stations100_drones4_iteration3.plan
1016,168,779344,2,1996057.9285,9434.4,0.0,0.000,0.0,0.0,4,0,100,0,0,0,0,0,0.0,63363285017411,stations100_drones4_iteration2.plan
898,450,784446,10,2045574.246,9703.7,0.0,0.000,0.0,0.0,4,0,100,0,0,0,0,0,0.0,64999461217917,stations100_drones4_iteration10.plan
732,390,772168,1,1997739.5359,8929.0,0.0,0.000,0.0,0.0,4,0,100,0,0,0,0,0,0.0,63214008148877,stations100_drones4_iteration1.plan
1169,482,788400,9,2264399.2677,8733.9,0.0,0.000,0.0,0.0,3,0,100,0,0,0,0,0,0.0,71808314448695,stations100_drones3_iteration9.plan
524,118,765630,8,2218034.1932,9332.9,0.0,0.000,0.0,0.0,3,0,100,0,0,0,0,0,0.0,69968435740246,stations100_drones3_iteration8.plan
1278,327,779495,7,2191375.3594,9411.1,0.0,0.000,0.0,0.0,3,0,100,0,0,0,0,0,0.0,69036047900749,stations100_drones3_iteration7.plan
890,348,765585,6,2175565.3319,9342.6,0.0,0.000,0.0,0.0,3,0,100,0,0,0,0,0,0.0,68983468132919,stations100_drones3_iteration6.plan
1147,480,776720,5,2217534.5077,8886.7,0.0,0.000,0.0,0.0,3,0,100,0,0,0,0,0,0.0,69929124160551,stations100_drones3_iteration5.plan
242,344,796416,4,2281629.8334,9560.4,0.0,0.000,0.0,0.0,3,0,100,0,0,0,0,0,0.0,71960246870656,stations100_drones3_iteration4.plan
489,356,746200,3,2118377.6855,8773.1,0.0,0.000,0.0,0.0,3,0,100,0,0,0,0,0,0.0,67039165797061,stations100_drones3_iteration3.plan
381,94,786442,2,2280183.5837,9437.4,0.0,0.000,0.0,0.0,3,0,100,0,0,0,0,0,0.0,71967132667576,stations100_drones3_iteration2.plan
508,353,793152,10,2284916.9054,9511.5,0.0,0.000,0.0,0.0,3,0,100,0,0,0,0,0,0.0,72192746132504,stations100_drones3_iteration10.plan
605,173,752850,1,2173275.6531,8622.7,0.0,0.000,0.0,0.0,3,0,100,0,0,0,0,0,0.0,68599185134020,stations100_drones3_iteration1.plan
328,299,781184,9,5442667.9935,7782.5,0.0,0.000,0.0,0.0,2,0,100,0,0,0,0,0,0.0,171805797344781,stations100_drones2_iteration9.plan
430,299,744396,8,5401425.5318,7598.7,0.0,0.000,0.0,0.0,2,0,100,0,0,0,0,0,0.0,171243078331681,stations100_drones2_iteration8.plan
621,161,781184,7,5522363.0524,7896.6,0.0,0.000,0.0,0.0,2,0,100,0,0,0,0,0,0.0,174535800174780,stations100_drones2_iteration7.plan
776,445,761840,6,5168449.8166,7967.8,0.0,0.000,0.0,0.0,2,0,100,0,0,0,0,0,0.0,163883528811052,stations100_drones2_iteration6.plan
1033,459,758057,5,5139063.1588,7765.8,0.0,0.000,0.0,0.0,2,0,100,0,0,0,0,0,0.0,161646763147315,stations100_drones2_iteration5.plan
702,146,767520,4,5530889.3462,8126.3,0.0,0.000,0.0,0.0,2,0,100,0,0,0,0,0,0.0,174682713667083,stations100_drones2_iteration4.plan
926,174,788557,3,5480893.6368,7779.0,0.0,0.000,0.0,0.0,2,0,100,0,0,0,0,0,0.0,173346645004539,stations100_drones2_iteration3.plan
1340,536,790432,2,5371081.077,7986.7,0.0,0.000,0.0,0.0,2,0,100,0,0,0,0,0,0.0,169635093754202,stations100_drones2_iteration2.plan
498,117,768426,10,5230368.7068,7876.4,0.0,0.000,0.0,0.0,2,0,100,0,0,0,0,0,0.0,164604058589007,stations100_drones2_iteration10.plan
389,415,787860,1,5500024.7483,7917.2,0.0,0.000,0.0,0.0,2,0,100,0,0,0,0,0,0.0,173555612210694,stations100_drones2_iteration1.plan
743,263,759023,9,1843767.8104,12311.3,0.0,0.000,0.0,0.0,10,0,100,0,0,0,0,0,0.0,56095082638855,stations100_drones10_iteration9.plan
874,312,754551,8,1833117.3571,12916.1,0.0,0.000,0.0,0.0,10,0,100,0,0,0,0,0,0.0,55328065931561,stations100_drones10_iteration8.plan
793,285,785915,7,1879658.8052,13369.6,0.0,0.000,0.0,0.0,10,0,100,0,0,0,0,0,0.0,57552794474510,stations100_drones10_iteration7.plan
895,336,789522,6,1908488.8414,12576.6,0.0,0.000,0.0,0.0,10,0,100,0,0,0,0,0,0.0,57552404932217,stations100_drones10_iteration6.plan
912,343,796740,5,1930296.3392,12205.2,0.0,0.000,0.0,0.0,10,0,100,0,0,0,0,0,0.0,58419026924728,stations100_drones10_iteration5.plan
798,328,793152,4,1908991.6516,12897.7,0.0,0.000,0.0,0.0,10,0,100,0,0,0,0,0,0.0,58584904027225,stations100_drones10_iteration4.plan
702,267,763265,3,1837699.365,12933.7,0.0,0.000,0.0,0.0,10,0,100,0,0,0,0,0,0.0,55781986729061,stations100_drones10_iteration3.plan
924,269,736073,2,1773652.9802,12140.7,0.0,0.000,0.0,0.0,10,0,100,0,0,0,0,0,0.0,54149299269695,stations100_drones10_iteration2.plan
811,340,785094,10,1879650.6179,12343.2,0.0,0.000,0.0,0.0,10,0,100,0,0,0,0,0,0.0,57519201694613,stations100_drones10_iteration10.plan
675,309,800982,1,1923100.3621,13032.3,0.0,0.000,0.0,0.0,10,0,100,0,0,0,0,0,0.0,58696682952338,stations100_drones10_iteration1.plan
337,356,774182,9,16818664.6434,7032.2,0.0,0.000,0.0,0.0,1,0,100,0,0,0,0,0,0.0,525894995836426,stations100_drones1_iteration9.plan
711,378,764151,8,15885521.3419,6946.8,0.0,0.000,0.0,0.0,1,0,100,0,0,0,0,0,0.0,501809529290609,stations100_drones1_iteration8.plan
1134,512,773644,7,15337917.383,6695.5,0.0,0.000,0.0,0.0,1,0,100,0,0,0,0,0,0.0,479892365344751,stations100_drones1_iteration7.plan
582,392,783540,6,16773351.9988,7318.0,0.0,0.000,0.0,0.0,1,0,100,0,0,0,0,0,0.0,525380969488565,stations100_drones1_iteration6.plan
589,532,748280,5,16896345.4738,6962.4,0.0,0.000,0.0,0.0,1,0,100,0,0,0,0,0,0.0,534361013261564,stations100_drones1_iteration5.plan
683,515,784816,4,16854102.0588,7178.2,0.0,0.000,0.0,0.0,1,0,100,0,0,0,0,0,0.0,529554170329739,stations100_drones1_iteration4.plan
274,351,781184,3,16318896.6714,7405.0,0.0,0.000,0.0,0.0,1,0,100,0,0,0,0,0,0.0,514044205053539,stations100_drones1_iteration3.plan
275,88,773232,2,17415991.626,7157.4,0.0,0.000,0.0,0.0,1,0,100,0,0,0,0,0,0.0,547560226971395,stations100_drones1_iteration2.plan
1229,345,766656,10,17394917.4347,7035.9,0.0,0.000,0.0,0.0,1,0,100,0,0,0,0,0,0.0,542094439016037,stations100_drones1_iteration10.plan
721,379,782964,1,16332379.3643,6823.6,0.0,0.000,0.0,0.0,1,0,100,0,0,0,0,0,0.0,513365918460872,stations100_drones1_iteration1.plan
